WellName,Constituent,SampleDate,Result,Units,Flags
SGS5 P1,Nitrate,40122,54.59,mg/l,E-acc
SGS5 P2,Nitrate,40122,67.93,mg/l,
SGS5 P1,Sulphate,40122,99,mg/l,E-acc
SGS5 P2,Sulphate,40122,61,mg/l,
GDBH102,Ethylbenzene,40120,ND<1,ug/l,
GDBH104,Ethylbenzene,40120,ND<1,ug/l,
GDBH104,Toluene,40120,ND<1,ug/l,
GDBH104,TPH,40120,36,ug/l,
MW10,Ethylbenzene,40120,ND<1,ug/l,
MW10,Toluene,40120,ND<1,ug/l,
MW10,TPH,40120,ND<5,ug/l,
MW103,Ethylbenzene,40120,9,ug/l,
MW103,Toluene,40120,6,ug/l,
MW103,TPH,40120,162,ug/l,
MW6,Ethylbenzene,40120,ND<1,ug/l,
MW6,Toluene,40120,ND<1,ug/l,
MW6,TPH,40120,ND<5,ug/l,
SGS4 P1,Ethylbenzene,40120,ND<1,ug/l,
SGS4 P1,Toluene,40120,ND<1,ug/l,
SGS4 P1,TPH,40120,ND<5,ug/l,
SGS4 P3,Ethylbenzene,40120,ND<1,ug/l,
SGS4 P3,Toluene,40120,ND<1,ug/l,
SGS4 P3,TPH,40120,6,ug/l,
SGS3 P1,Nitrate,40119,57.12,mg/L,
SGS3 P2,Nitrate,40119,62.21,mg/l,
SGS3 P3,Nitrate,40119,65.18,mg/l,
SGS4 P1,Nitrate,40119,88.6,mg/l,
SGS4 P3,Nitrate,40119,3.55,mg/l,
MW102,Toluene,40119,ND<1,ug/l,
MW102,TPH,40119,ND<5,ug/l,
MW7,Toluene,40119,ND<1,ug/l,
MW7,TPH,40119,ND<5,ug/l,
SGS3 P1,Toluene,40119,ND<1,ug/l,
SGS3 P1,TPH,40119,ND<5,ug/l,
SGS3 P2,Toluene,40119,ND<1,ug/l,
SGS3 P2,TPH,40119,ND<5,ug/l,
SGS3 P3,Toluene,40119,ND<1,ug/l,
SGS3 P3,TPH,40119,ND<5,ug/l,
SGS3P2 ,Toluene,40119,ND<1,ug/l,
SGS3P2 ,TPH,40119,ND<5,ug/l,
SGS3 P1,Sulphate,40119,100,mg/L,
SGS3 P2,Sulphate,40119,63,mg/l,
SGS3 P3,Sulphate,40119,83,mg/l,
SGS4 P1,Sulphate,40119,64,mg/l,
SGS4 P3,Sulphate,40119,98,mg/l,
MW10,Nitrate,40029,19,mg/l,
MW103,Nitrate,40029,ND<0.3,mg/l,
SGS4 P3,Nitrate,40029,0.4,mg/l,
SGS5 P1,Nitrate,40029,46,mg/l,
SGS5 P2,Nitrate,40029,55,mg/l,
MW10,Sulphate,40029,180,mg/l,
MW103,Sulphate,40029,800,mg/l,
SGS4 P3,Sulphate,40029,96,mg/l,
SGS5 P1,Sulphate,40029,92,mg/l,
SGS5 P2,Sulphate,40029,61,mg/l,
GDBH102,Ethylbenzene,40028,ND<0.001,mg/l,
GDBH102,Nitrate,40028,ND<0.3,mg/l,
GDBH103,Ethylbenzene,40028,0.052,mg/l,
GDBH103,Nitrate,40028,ND<0.3,mg/l,
GDBH104,Nitrate,40028,5.5,mg/l,
MW101,Nitrate,40028,2.4,mg/l,
MW102,Nitrate,40028,0.3,mg/l,
MW104,Nitrate,40028,ND<0.3,mg/l,
MW6,Nitrate,40028,11,mg/l,
MW7,Nitrate,40028,17,mg/l,
SGS3 P1,Nitrate,40028,47,mg/l,
SGS3 P3,Nitrate,40028,56,mg/l,
SGS3 P3,Nitrate,40028,56,mg/l,
SGS4 P1,Nitrate,40028,53,mg/l,
GDBH103,Toluene,40028,1.11,mg/l,
GDBH103,TPH,40028,ND<0.001,mg/l,
GDBH104,Ethylbenzene,40028,ND<0.001,mg/l,
GDBH104,Toluene,40028,0.007,mg/l,
GDBH104,TPH,40028,ND<0.001,mg/l,
MW101,Ethylbenzene,40028,ND<0.001,mg/l,
MW101,Toluene,40028,0.001,mg/l,
MW101,TPH,40028,0.024,mg/l,
MW102,Ethylbenzene,40028,9.57,mg/l,
MW102,Toluene,40028,4.2,mg/l,
MW102,TPH,40028,ND<0.001,mg/l,
MW104,Ethylbenzene,40028,ND<0.001,mg/l,
MW104,Toluene,40028,ND<0.001,mg/l,
MW104,TPH,40028,0.001,mg/l,
MW6,Ethylbenzene,40028,0.006,mg/l,
MW6,Toluene,40028,0.003,mg/l,
MW6,TPH,40028,0.011,mg/l,
MW7,Ethylbenzene,40028,ND<0.001,mg/l,
MW7,Toluene,40028,ND<0.001,mg/l,
MW7,TPH,40028,ND<0.005,mg/l,
SGS3 P1,Ethylbenzene,40028,ND<0.001,mg/l,
SGS3 P1,Toluene,40028,ND<0.005,mg/l,
SGS3 P1,TPH,40028,ND<0.001,mg/l,
SGS3 P2,Ethylbenzene,40028,ND<0.001,mg/l,
SGS3 P2,Toluene,40028,ND<0.001,mg/l,
SGS3 P2,TPH,40028,ND<0.001,mg/l,
SGS3 P3,Ethylbenzene,40028,ND<0.001,mg/l,
SGS3 P3,Toluene,40028,ND<0.001,mg/l,
SGS3 P3,TPH,40028,ND<0.001,mg/l,
SGS3P2 ,Ethylbenzene,40028,0.045,mg/l,
SGS3P2 ,Toluene,40028,ND<0.001,mg/l,
SGS3P2 ,TPH,40028,ND<0.001,mg/l,
SGS4 P1,Ethylbenzene,40028,ND<0.001,mg/l,
SGS4 P1,Toluene,40028,ND<0.001,mg/l,
SGS4 P1,TPH,40028,11,mg/l,
GDBH102,Sulphate,40028,51,mg/l,
GDBH103,Sulphate,40028,ND<3,mg/l,
GDBH104,Sulphate,40028,86,mg/l,
MW101,Sulphate,40028,890,mg/l,
MW102,Sulphate,40028,1400,mg/l,
MW104,Sulphate,40028,420,mg/l,
MW6,Sulphate,40028,75,mg/l,
MW7,Sulphate,40028,150,mg/l,
SGS3 P1,Sulphate,40028,94,mg/l,
SGS3 P3,Sulphate,40028,59,mg/l,
SGS3 P3,Sulphate,40028,80,mg/l,
SGS4 P1,Sulphate,40028,68,mg/l,
BH3,GW,40023,57.708,metres,
BH3 ,NAPL,40023,19,mm,
GDBH102,GW,40023,57.655,metres,
GDBH103,GW,40023,57.694,metres,
GDBH104,GW,40023,57.637,metres,
MW10,GW,40023,57.602,metres,
MW101,GW,40023,58.12,metres,
MW103,GW,40023,58.017,metres,
MW104,GW,40023,58.001,metres,
MW6,GW,40023,57.693,metres,
MW7,GW,40023,57.696,metres,
MW8,GW,40023,57.656,metres,
MW8,NAPL,40023,9,mm,
MW9,GW,40023,57.662,metres,
SGS2,GW,40023,57.661,metres,
SGS2,NAPL,40023,12,mm,
SGS3 P1,GW,40023,57.66,metres,
SGS3 P2,GW,40023,57.65,metres,
SGS3 P3,GW,40023,57.659,metres,
SGS4 P1,GW,40023,57.662,metres,
SGS4 P3,GW,40023,57.628,metres,
SGS5 P1,GW,40023,57.72,metres,
SGS5 P2,GW,40023,57.72,metres,
SGS3 P1,Nitrate,39939,53,mg/l,
SGS3 P2,Nitrate,39939,58,mg/l,
SGS3 P3,Nitrate,39939,61,mg/l,
SGS4 P1,Nitrate,39939,57,mg/l,
SGS4 P3,Nitrate,39939,1.3,mg/l,
SGS5 P1,Nitrate,39939,53,mg/l,
SGS5 P2,Nitrate,39939,58,mg/l,
SGS3 P1,Sulphate,39939,100,mg/l,
SGS3 P2,Sulphate,39939,59,mg/l,
SGS3 P3,Sulphate,39939,82,mg/l,
SGS4 P1,Sulphate,39939,95,mg/l,
SGS4 P3,Sulphate,39939,100,mg/l,
SGS5 P1,Sulphate,39939,58,mg/l,
BH3,GW,39931,58.0258,metres,
BH3,GW,39931,58.026,metres,
BH3,NAPL,39931,11,mm,
GDBH102,Ethylbenzene,39931,ND<0.001,mg/l,
GDBH102,GW,39931,58.022,metres,
GDBH103,Ethylbenzene,39931,0.796,mg/l,
GDBH103,GW,39931,58.047,metres,
GDBH103,Toluene,39931,0.045,mg/l,
GDBH103,TPH,39931,6.484,mg/l,
GDBH104,Ethylbenzene,39931,ND<0.001,mg/l,
GDBH104,GW,39931,57.999,metres,
GDBH104,Toluene,39931,ND<0.001,mg/l,
GDBH104,TPH,39931,0.007,mg/l,
MW10,Ethylbenzene,39931,ND<0.001,mg/l,
MW10,GW,39931,57.979,metres,
MW10,Toluene,39931,ND<0.001,mg/l,
MW10,TPH,39931,ND<0.005,mg/l,
MW101,Ethylbenzene,39931,0.001,mg/l,
MW101,GW,39931,58.253,metres,
MW101,Toluene,39931,ND<0.001,mg/l,
MW101,TPH,39931,0.026,mg/l,
MW102,Ethylbenzene,39931,ND<0.001,mg/l,
MW102,GW,39931,58.935,metres,
MW102,Toluene,39931,0.001,mg/l,
MW102,TPH,39931,ND<0.005,mg/l,
MW103,Ethylbenzene,39931,0.011,mg/l,
MW103,GW,39931,58.266,metres,
MW103,Toluene,39931,0.006,mg/l,
MW103,TPH,39931,0.267,mg/l,
MW104,Ethylbenzene,39931,0.005,mg/l,
MW104,GW,39931,58.252,metres,
MW104,Toluene,39931,0.008,mg/l,
MW104,TPH,39931,0.07,mg/l,
MW5,Ethylbenzene,39931,ND<0.001,mg/l,
MW5,GW,39931,57.996,metres,
MW5,Toluene,39931,ND<0.001,mg/l,
MW5,TPH,39931,0.08,mg/l,
MW6,Ethylbenzene,39931,ND<0.001,mg/l,
MW6,GW,39931,58.051,metres,
MW6,Toluene,39931,ND<0.001,mg/l,
MW6,TPH,39931,ND<0.005,mg/l,
MW7,Ethylbenzene,39931,ND<0.001,mg/l,
MW7,GW,39931,58.041,metres,
MW7,Toluene,39931,ND<0.001,mg/l,
MW7,TPH,39931,ND<0.005,mg/l,
MW8,GW,39931,58.016,metres,
MW8,NAPL,39931,3,mm,
MW9,Ethylbenzene,39931,4.2,mg/l,
MW9,GW,39931,58.011,metres,
MW9,Toluene,39931,10.7,mg/l,
MW9,TPH,39931,56.119,mg/l,
SGS2,GW,39931,58.013,metres,
SGS2,NAPL,39931,1,mm,
SGS3 P1,Ethylbenzene,39931,ND<0.001,mg/l,
SGS3 P1,GW,39931,58.022,metres,
SGS3 P1,Toluene,39931,ND<0.001,mg/l,
SGS3 P1,TPH,39931,ND<0.005,mg/l,
SGS3 P2,Ethylbenzene,39931,ND<0.001,mg/l,
SGS3 P2,GW,39931,58.026,metres,
SGS3 P2,Toluene,39931,ND<0.001,mg/l,
SGS3 P2,TPH,39931,ND<0.005,mg/l,
SGS3 P3,Ethylbenzene,39931,ND<0.001,mg/l,
SGS3 P3,GW,39931,58.016,metres,
SGS3 P3,Toluene,39931,ND<0.001,mg/l,
SGS3 P3,TPH,39931,ND<0.005,mg/l,
SGS3P2 ,Ethylbenzene,39931,ND<0.001,mg/l,
SGS3P2 ,Toluene,39931,ND<0.001,mg/l,
SGS3P2 ,TPH,39931,ND<0.005,mg/l,
SGS4 P1,Ethylbenzene,39931,ND<0.001,mg/l,
SGS4 P1,GW,39931,57.993,metres,
SGS4 P1,Toluene,39931,0.001,mg/l,
SGS4 P1,TPH,39931,ND<0.005,mg/l,
SGS4 P3,Ethylbenzene,39931,ND<0.001,mg/l,
SGS4 P3,GW,39931,57.985,metres,
SGS4 P3,Toluene,39931,ND<0.001,mg/l,
SGS4 P3,TPH,39931,ND<0.005,mg/l,
SGS5 P1,Ethylbenzene,39931,ND<0.001,mg/l,
SGS5 P1,GW,39931,58.087,metres,
SGS5 P1,Toluene,39931,ND<0.001,mg/l,
SGS5 P1,TPH,39931,ND<0.005,mg/l,
SGS5 P2,Ethylbenzene,39931,ND<0.001,mg/l,
SGS5 P2,GW,39931,58.108,metres,
SGS5 P2,Toluene,39931,ND<0.001,mg/l,
SGS5 P2,TPH,39931,ND<0.005,mg/l,
GDBH102,Ethylbenzene,39901,ND<0.001,mg/L,
GDBH104,Ethylbenzene,39901,ND<0.001,mg/L,
GDBH104,Toluene,39901,ND<0.001,mg/L,
GDBH104,TPH,39901,ND<0.005,mg/L,
MW10,Ethylbenzene,39901,ND<0.001,mg/L,
MW10,Toluene,39901,ND<0.001,mg/L,
MW10,TPH,39901,0.045,mg/L,
MW101,Ethylbenzene,39901,ND<0.001,mg/L,
MW101,Toluene,39901,ND<0.001,mg/L,
MW101,TPH,39901,0.06,mg/L,
MW102,Ethylbenzene,39901,ND<0.001,mg/L,
MW102,Toluene,39901,0.002,mg/L,
MW102,TPH,39901,0.022,mg/L,
MW103,Ethylbenzene,39901,0.023,mg/L,
MW103,Toluene,39901,0.006,mg/L,
MW103,TPH,39901,0.142,mg/L,
MW104,Ethylbenzene,39901,0.015,mg/L,
MW104,Toluene,39901,0.02,mg/L,
MW104,TPH,39901,0.128,mg/L,
MW5,Ethylbenzene,39901,ND<0.001,mg/L,
MW5,Toluene,39901,ND<0.001,mg/L,
MW5,TPH,39901,ND<0.005,mg/L,
MW6,Ethylbenzene,39901,ND<0.001,mg/L,
MW6,Toluene,39901,ND<0.001,mg/L,
MW6,TPH,39901,ND<0.005,mg/L,
MW7,Ethylbenzene,39901,0.001,mg/L,
MW7,Toluene,39901,ND<0.001,mg/L,
MW7,TPH,39901,0.014,mg/L,
MW9,Ethylbenzene,39901,3.84,mg/L,
MW9,Toluene,39901,20,mg/L,
MW9,TPH,39901,57.832,mg/L,
SGS3 P2,Ethylbenzene,39901,ND<0.001,mg/L,
SGS3 P2,Toluene,39901,ND<0.001,mg/L,
SGS3 P2,TPH,39901,ND<0.005,mg/L,
SGS4 P3,Ethylbenzene,39901,ND<0.001,mg/L,
SGS4 P3,Toluene,39901,ND<0.001,mg/L,
SGS4 P3,TPH,39901,ND<0.005,mg/L,
SGS5 P1,Ethylbenzene,39901,ND<0.001,mg/L,
SGS5 P1,Toluene,39901,ND<0.001,mg/L,
SGS5 P1,TPH,39901,ND<0.005,mg/L,
GDBH102,Nitrate,39897,ND<0.3,mg/l,E-acc
GDBH103,Nitrate,39897,ND<0.3,mg/l,
GDBH104,Nitrate,39897,25,mg/l,
MW10,Nitrate,39897,61,mg/l,
MW101,Nitrate,39897,ND<0.3,mg/l,
MW102,Nitrate,39897,ND<0.3,mg/l,
MW103,Nitrate,39897,ND<0.3,mg/l,
MW104,Nitrate,39897,ND<0.3,mg/l,
MW5,Nitrate,39897,4.1,mg/l,
MW6,Nitrate,39897,11,mg/l,
MW7,Nitrate,39897,43,mg/l,
MW9,Nitrate,39897,ND<0.3,mg/l,
SGS3 P1,Nitrate,39897,55,mg/l,
SGS3 P2,Nitrate,39897,64,mg/l,
SGS3 P3,Nitrate,39897,64,mg/l,
SGS3P2 ,Nitrate,39897,61,mg/l,
SGS4 P1,Nitrate,39897,62,mg/l,
SGS4 P3,Nitrate,39897,1.4,mg/l,
SGS5 P1,Nitrate,39897,56,mg/l,
SGS5 P2,Nitrate,39897,63,mg/l,
GDBH102,Sulphate,39897,36,mg/l,E-acc
GDBH103,Sulphate,39897,42,mg/l,
GDBH104,Sulphate,39897,140,mg/l,
MW10,Sulphate,39897,390,mg/l,
MW101,Sulphate,39897,770,mg/l,
MW102,Sulphate,39897,1400,mg/l,
MW103,Sulphate,39897,840,mg/l,
MW104,Sulphate,39897,840,mg/l,
MW5,Sulphate,39897,79,mg/l,
MW6,Sulphate,39897,94,mg/l,
MW7,Sulphate,39897,140,mg/l,
MW9,Sulphate,39897,ND<3,mg/l,
SGS3 P1,Sulphate,39897,100,mg/l,
SGS3 P2,Sulphate,39897,62,mg/l,
SGS3 P3,Sulphate,39897,85,mg/l,
SGS3P2 ,Sulphate,39897,60,mg/l,
SGS4 P1,Sulphate,39897,68,mg/l,
SGS4 P3,Sulphate,39897,100,mg/l,
SGS5 P1,Sulphate,39897,100,mg/l,
SGS5 P2,Sulphate,39897,62,mg/l,
BH3,GW,39890,58.2248,metres,
BH3,NAPL,39890,6,mm,
GDBH102,GW,39890,58.216,metres,
GDBH103,GW,39890,58.237,metres,
SGS3 P1,Nitrate,39890,55,mg/l,
SGS3 P2,Nitrate,39890,64,mg/l,
SGS3 P3,Nitrate,39890,64,mg/l,
SGS4 P1,Nitrate,39890,62,mg/l,
SGS4 P3,Nitrate,39890,1.4,mg/l,
SGS5 P1,Nitrate,39890,56,mg/l,
SGS5 P2,Nitrate,39890,63,mg/l,
GDBH104,GW,39890,58.186,metres,
MW10,GW,39890,58.171,metres,
MW101,GW,39890,58.47,metres,
MW102,GW,39890,58.998,metres,
MW103,GW,39890,58.507,metres,
MW104,GW,39890,58.491,metres,
MW5,GW,39890,58.182,metres,
MW6,GW,39890,58.236,metres,
MW8,GW,39890,58.203,metres,
MW9,GW,39890,58.203,metres,
SGS2,GW,39890,58.2066,metres,
SGS2,NAPL,39890,2,mm,
SGS3 P1,GW,39890,58.204,metres,
SGS3 P2,GW,39890,58.19,metres,
SGS3 P3,GW,39890,58.197,metres,
SGS4 P1,GW,39890,58.143,metres,
SGS4 P3,GW,39890,58.163,metres,
SGS5 P1,GW,39890,58.261,metres,
SGS5 P2,GW,39890,58.266,metres,
SGS3 P1,Sulphate,39890,100,mg/l,
SGS3 P2,Sulphate,39890,62,mg/l,
SGS3 P3,Sulphate,39890,85,mg/l,
SGS4 P1,Sulphate,39890,100,mg/l,
SGS4 P3,Sulphate,39890,100,mg/l,
SGS5 P1,Sulphate,39890,62,mg/l,
GDBH102,Ethylbenzene,39872,ND<0.001,mg/L,
GDBH104,Ethylbenzene,39872,ND<0.001,mg/L,
GDBH104,Toluene,39872,ND<0.001,mg/L,
GDBH104,TPH,39872,ND<0.005,mg/L,
MW10,Ethylbenzene,39872,0.003,mg/L,
MW10,Toluene,39872,0.012,mg/L,
MW101,Ethylbenzene,39872,0.004,mg/L,
MW101,Toluene,39872,0.007,mg/L,
MW101,TPH,39872,0.087,mg/L,
MW102,Ethylbenzene,39872,ND<0.001,mg/L,
MW102,Toluene,39872,0.002,mg/L,
MW102,TPH,39872,0.006,mg/L,
MW102,TPH,39872,ND<0.005,mg/L,
MW103,Ethylbenzene,39872,0.016,mg/L,
MW103,Toluene,39872,0.008,mg/L,
MW104,Ethylbenzene,39872,0.013,mg/L,
MW104,Toluene,39872,0.018,mg/L,
MW104,TPH,39872,0.128,mg/L,
MW5,Ethylbenzene,39872,ND<0.001,mg/L,
MW5,Toluene,39872,ND<0.001,mg/L,
MW5,TPH,39872,ND<0.005,mg/L,
MW6,Ethylbenzene,39872,ND<0.001,mg/L,
MW6,Toluene,39872,ND<0.001,mg/L,
MW6,TPH,39872,ND<0.005,mg/L,
MW7,Ethylbenzene,39872,ND<0.001,mg/L,
MW7,Toluene,39872,ND<0.001,mg/L,
MW7,TPH,39872,ND<0.005,mg/L,
MW9,Ethylbenzene,39872,1.07,mg/L,
MW9,Toluene,39872,11.1,mg/L,
MW9,TPH,39872,30.953,mg/L,
MW9,TPH,39872,56.119,mg/L,
SGS3 P2,Ethylbenzene,39872,ND<0.001,mg/L,
SGS3 P2,Toluene,39872,ND<0.001,mg/L,
SGS3 P2,TPH,39872,ND<0.005,mg/L,
SGS4 P3,Ethylbenzene,39872,ND<0.001,mg/L,
SGS4 P3,Toluene,39872,ND<0.001,mg/L,
SGS4 P3,TPH,39872,ND<0.005,mg/L,
SGS5 P1,Ethylbenzene,39872,ND<0.001,mg/L,
SGS5 P1,Toluene,39872,ND<0.001,mg/L,
SGS5 P1,TPH,39872,ND<0.005,mg/L,
SGS3 P1,Nitrate,39869,49,mg/l,
SGS3 P2,Nitrate,39869,59,mg/l,
SGS3 P3,Nitrate,39869,59,mg/l,
SGS4 P1,Nitrate,39869,56,mg/l,
SGS4 P3,Nitrate,39869,1.4,mg/l,
SGS5 P1,Nitrate,39869,51,mg/l,
SGS5 P2,Nitrate,39869,57,mg/l,
SGS3 P1,Sulphate,39869,99,mg/l,
SGS3 P2,Sulphate,39869,59,mg/l,
SGS3 P3,Sulphate,39869,81,mg/l,
SGS4 P1,Sulphate,39869,100,mg/l,
SGS4 P3,Sulphate,39869,97,mg/l,
SGS5 P1,Sulphate,39869,59,mg/l,
BH3,GW,39868,58.2992,metres,
BH3,NAPL,39868,14,mm,
GDBH102,GW,39868,58.295,metres,
GDBH103,GW,39868,58.315,metres,
GDBH104,GW,39868,58.261,metres,
MW10,GW,39868,58.251,metres,
MW101,GW,39868,58.683,metres,
MW102,GW,39868,59.056,metres,
MW103,GW,39868,58.707,metres,
MW104,GW,39868,58.752,metres,
MW5,GW,39868,58.259,metres,
MW6,GW,39868,58.312,metres,
MW7,GW,39868,58.297,metres,
MW8,GW,39868,58.2738,metres,
MW8,NAPL,39868,1,mm,
MW9,GW,39868,58.282,metres,
SGS2,GW,39868,58.2834,metres,
SGS2,NAPL,39868,3,mm,
SGS3 P1,GW,39868,58.283,metres,
SGS3 P2,GW,39868,58.301,metres,
SGS3 P3,GW,39868,58.281,metres,
SGS4 P1,GW,39868,58.168,metres,
SGS4 P3,GW,39868,58.241,metres,
SGS5 P1,GW,39868,58.36,metres,
SGS5 P2,GW,39868,58.374,metres,
BH3,NAPL,39842,5,mm,
SGS3 P1,Nitrate,39842,55,mg/l,
SGS3 P2,Nitrate,39842,66,mg/l,
SGS3 P3,Nitrate,39842,66,mg/l,
SGS4 P1,Nitrate,39842,63,mg/l,
SGS4 P3,Nitrate,39842,1.8,mg/l,
SGS5 P1,Nitrate,39842,58,mg/l,
SGS5 P2,Nitrate,39842,63,mg/l,
MW8,NAPL,39842,1,mm,
SGS2,NAPL,39842,19,mm,
SGS3 P1,Sulphate,39842,100,mg/l,
SGS3 P2,Sulphate,39842,62,mg/l,
SGS3 P3,Sulphate,39842,84,mg/l,
SGS4 P1,Sulphate,39842,110,mg/l,
SGS4 P3,Sulphate,39842,100,mg/l,
SGS5 P1,Sulphate,39842,61,mg/l,
SGS3 P1,Nitrate,39798,55,mg/l,
SGS3 P2,Nitrate,39798,66,mg/l,
SGS3 P3,Nitrate,39798,66,mg/l,
SGS4 P1,Nitrate,39798,63,mg/l,
SGS4 P3,Nitrate,39798,1.9,mg/l,
SGS5 P1,Nitrate,39798,58,mg/l,
SGS5 P2,Nitrate,39798,63,mg/l,
SGS3 P1,Sulphate,39798,100,mg/l,
SGS3 P2,Sulphate,39798,61,mg/l,
SGS3 P3,Sulphate,39798,85,mg/l,
SGS4 P1,Sulphate,39798,110,mg/l,
SGS4 P3,Sulphate,39798,100,mg/l,
SGS5 P1,Sulphate,39798,61,mg/l,
BH3,NAPL,39797,3,mm,
MW8,NAPL,39797,1,mm,
SGS2,NAPL,39797,21,mm,
SGS3 P1,Nitrate,39771,52,mg/l,
SGS3 P2,Nitrate,39771,64,mg/l,
SGS3 P3,Nitrate,39771,61,mg/l,
SGS4 P1,Nitrate,39771,58,mg/l,
SGS4 P3,Nitrate,39771,0.5,mg/l,
SGS5 P1,Nitrate,39771,55,mg/l,
SGS5 P2,Nitrate,39771,29,mg/l,
SGS3 P1,Sulphate,39771,100,mg/l,
SGS3 P2,Sulphate,39771,62,mg/l,
SGS3 P3,Sulphate,39771,86,mg/l,
SGS4 P1,Sulphate,39771,110,mg/l,
SGS4 P3,Sulphate,39771,100,mg/l,
SGS5 P1,Sulphate,39771,63,mg/l,
BH3,NAPL,39770,8,mm,
MW8,NAPL,39770,1,mm,
SGS2,NAPL,39770,23,mm,
BH3,GW,39730,57.493,metres,
BH3,NAPL,39730,6,mm,
GDBH102,GW,39730,57.506,metres,
GDBH104,GW,39730,57.491,metres,
MW10,GW,39730,57.421,metres,
MW101,GW,39730,57.657,metres,
MW102,GW,39730,57.004,metres,
MW103,GW,39730,57.702,metres,
MW104,GW,39730,57.684,metres,
MW6,GW,39730,57.536,metres,
MW7,GW,39730,57.51,metres,
MW8,GW,39730,57.514,metres,
MW8,NAPL,39730,9,mm,
MW9,GW,39730,57.48,metres,
SGS2,GW,39730,57.49,metres,
SGS2,NAPL,39730,8,mm,
SGS3 P1,GW,39730,57.516,metres,
SGS3 P2,GW,39730,57.49,metres,
SGS3 P3,GW,39730,57.512,metres,
SGS4 P1,GW,39730,57.225,metres,
SGS4 P3,GW,39730,57.483,metres,
SGS5 P1,GW,39730,57.573,metres,
SGS5 P2,GW,39730,57.409,metres,
SGS3 P1,Nitrate,39723,56,mg/l,
SGS3 P2,Nitrate,39723,64,mg/l,
SGS3 P3,Nitrate,39723,65,mg/l,
SGS4 P1,Nitrate,39723,60,mg/l,
SGS4 P3,Nitrate,39723,1.8,mg/l,
SGS5 P2,Nitrate,39723,61,mg/l,
SGS3 P1,Ethylbenzene,39723,ND<0.001,mg/L,
SGS3 P2,Ethylbenzene,39723,ND<0.001,mg/L,
SGS3 P3,Ethylbenzene,39723,ND<0.001,mg/L,
SGS4 P1,Ethylbenzene,39723,ND<0.001,mg/L,
SGS4 P3,Ethylbenzene,39723,ND<0.001,mg/L,
SGS5 P2,Ethylbenzene,39723,ND<0.001,mg/L,
SGS3 P1,Sulphate,39723,99,mg/l,
SGS3 P2,Sulphate,39723,59,mg/l,
SGS3 P3,Sulphate,39723,83,mg/l,
SGS4 P1,Sulphate,39723,100,mg/l,
SGS5 P1,Sulphate,39723,59,mg/l,
GDBH103 ,Ethylbenzene,39722,1.08,mg/L,
GDBH103 ,Toluene ,39722,ND<0.05,mg/L,
GDBH103 ,TPH,39722,6.724,mg/L,
GDBH104 ,Ethylbenzene,39722,ND<0.001,mg/L,
GDBH104 ,Toluene ,39722,ND<0.001,mg/L,
GDBH104 ,TPH,39722,0.008,mg/L,
MW10 ,Ethylbenzene,39722,ND<0.001,mg/L,
MW10 ,Toluene ,39722,ND<0.001,mg/L,
MW10 ,TPH,39722,0.001,mg/L,
MW101,Ethylbenzene,39722,0.008,mg/L,
MW101,Toluene ,39722,0.013,mg/L,
MW101,TPH,39722,0.105,mg/L,
MW102,Ethylbenzene,39722,ND<0.001,mg/L,
MW102,Toluene ,39722,0.003,mg/L,
MW102,TPH,39722,0.023,mg/L,
MW103,Ethylbenzene,39722,0.005,mg/L,
MW103,Toluene ,39722,0.009,mg/L,
MW103,TPH,39722,0.093,mg/L,
MW104,Ethylbenzene,39722,ND<0.001,mg/L,
MW104,Toluene ,39722,0.033,mg/L,
MW104,TPH,39722,0.105,mg/L,
MW6,Ethylbenzene,39722,ND<0.001,mg/L,
MW6,Toluene ,39722,ND<0.001,mg/L,
MW6,TPH,39722,ND<0.005,mg/L,
MW7,Ethylbenzene,39722,ND<0.001,mg/L,
MW7,Toluene ,39722,ND<0.001,mg/L,
MW7,TPH,39722,0.011,mg/L,
MW9,Ethylbenzene,39722,2.51,mg/L,
MW9,Toluene ,39722,7.4,mg/L,
MW9,TPH,39722,39.078,mg/L,
BH3,GW,39720,57.2642,metres,
GDBH102,GW,39720,57.542,metres,
GDBH104,GW,39720,57.531,metres,
MW10,GW,39720,57.445,metres,
MW101,GW,39720,57.775,metres,
MW102,GW,39720,57.154,metres,
MW103,GW,39720,57.837,metres,
MW104,GW,39720,57.808,metres,
MW6,GW,39720,57.576,metres,
MW8,GW,39720,57.543,metres,
MW9,GW,39720,57.518,metres,
SGS2,GW,39720,57.518,metres,
SGS3 P1,GW,39720,57.551,metres,
SGS3 P2,GW,39720,57.565,metres,
SGS3 P3,GW,39720,57.551,metres,
SGS4 P1,GW,39720,57.156,metres,
SGS4 P3,GW,39720,57.513,metres,
SGS5 P1,GW,39720,57.609,metres,
SGS5 P2,GW,39720,57.641,metres,
BH3,NAPL,39689,32,mm,
MW8,NAPL,39689,11,mm,
SGS2,NAPL,39689,18,mm,
BH3,NAPL,39674,54,mm,
SGS2,NAPL,39674,42,mm,
SGS3 P1,Nitrate,39673,53,mg/l,
SGS3 P2,Nitrate,39673,63,mg/l,
SGS3 P3,Nitrate,39673,64,mg/l,
SGS4 P1,Nitrate,39673,60,mg/l,
SGS4 P3,Nitrate,39673,2.3,mg/l,
SGS5 P1,Nitrate,39673,53,mg/l,
SGS5 P2,Nitrate,39673,60,mg/l,
SGS3 P1,Sulphate,39673,97,mg/l,
SGS3 P2,Sulphate,39673,59,mg/l,
SGS3 P3,Sulphate,39673,86,mg/l,
SGS4 P1,Sulphate,39673,110,mg/l,
SGS4 P3,Sulphate,39673,98,mg/l,
SGS5 P1,Sulphate,39673,60,mg/l,
BH3,GW,39672,57.724,metres,
GDBH102,GW,39672,57.546,metres,
GDBH103 ,Toluene ,39672,ND<0.05,mg/L,
GDBH103 ,TPH,39672,3.364,mg/L,
GDBH104,GW,39672,57.527,metres,
GDBH104 ,Ethylbenzene,39672,ND<0.001,mg/L,
GDBH104 ,Toluene ,39672,ND<0.001,mg/L,
GDBH104 ,TPH,39672,0.006,mg/L,
MW10,GW,39672,57.426,metres,
MW10 ,Ethylbenzene,39672,ND<0.001,mg/L,
MW10 ,Toluene ,39672,ND<0.001,mg/L,
MW10 ,TPH,39672,0.013,mg/L,
MW101,Ethylbenzene,39672,0.006,mg/L,
MW101,GW,39672,57.985,metres,
MW101,Toluene ,39672,0.012,mg/L,
MW101,TPH,39672,0.178,mg/L,
MW102,Ethylbenzene,39672,ND<0.005,mg/L,
MW102,GW,39672,58.671,metres,
MW102,Toluene ,39672,ND<0.005,mg/L,
MW102,TPH,39672,0.229,mg/L,
MW103,Ethylbenzene,39672,0.004,mg/L,
MW103,GW,39672,58.111,metres,
MW103,Toluene ,39672,0.006,mg/L,
MW103,TPH,39672,0.13,mg/L,
MW104,Ethylbenzene,39672,ND<0.001,mg/L,
MW104,GW,39672,58.473,metres,
MW104,Toluene ,39672,ND<0.001,mg/L,
MW104,TPH,39672,ND<0.005,mg/L,
MW5,GW,39672,57.72,metres,
MW6,Ethylbenzene,39672,ND<0.001,mg/L,
MW6,GW,39672,57.627,metres,
MW6,Toluene ,39672,ND<0.001,mg/L,
MW6,TPH,39672,ND<0.001,mg/L,
MW7,Ethylbenzene,39672,ND<0.001,mg/L,
MW7,GW,39672,57.927,metres,
MW7,Toluene ,39672,ND<0.001,mg/L,
MW7,TPH,39672,ND<0.005,mg/L,
MW8,Ethylbenzene,39672,1.66,mg/L,
MW8,GW,39672,57.503,metres,
MW8,Toluene ,39672,3.51,mg/L,
MW8,TPH,39672,14.323,mg/L,
MW9,Ethylbenzene,39672,2.08,mg/L,
MW9,GW,39672,57.739,metres,
MW9,Toluene ,39672,11.1,mg/L,
MW9,TPH,39672,28.338,mg/L,
SGS2,GW,39672,57.395,metres,
SGS3 P1,GW,39672,57.669,metres,
SGS3 P2,GW,39672,57.719,metres,
SGS3 P3,GW,39672,57.716,metres,
BH3,GW,39645,57.627,metres,
GDBH102,GW,39645,57.644,metres,
SGS3 P1,Nitrate,39645,55,mg/l,
SGS3 P2,Nitrate,39645,62,mg/l,
SGS3 P3,Nitrate,39645,62,mg/l,
SGS4 P1,Nitrate,39645,60,mg/l,
SGS4 P3,Nitrate,39645,3,mg/l,
SGS5 P1,Nitrate,39645,53,mg/l,
SGS5 P2,Nitrate,39645,62,mg/l,
GDBH104,GW,39645,57.61,metres,
MW10,GW,39645,57.557,metres,
MW101,GW,39645,58.164,metres,
MW102,GW,39645,57.77,metres,
MW103,GW,39645,58.223,metres,
MW104,GW,39645,58.287,metres,
MW6,GW,39645,57.693,metres,
MW7,GW,39645,58.03,metres,
MW8,GW,39645,57.595,metres,
MW9,GW,39645,57.845,metres,
SGS2,GW,39645,57.678,metres,
SGS3 P1,GW,39645,57.815,metres,
SGS3 P2,GW,39645,57.84,metres,
SGS3 P3,GW,39645,57.811,metres,
SGS3 P1,Sulphate,39645,100,mg/l,
SGS3 P2,Sulphate,39645,62,mg/l,
SGS3 P3,Sulphate,39645,90,mg/l,
SGS4 P1,Sulphate,39645,120,mg/l,
SGS4 P3,Sulphate,39645,110,mg/l,
SGS5 P1,Sulphate,39645,63,mg/l,
BH3,NAPL,39644,50,mm,
GDBH103 ,Toluene,39644,0.074,mg/L,
GDBH103 ,TPH,39644,5.023,mg/L,
GDBH104 ,Ethylbenzene,39644,ND<0.001,mg/L,
GDBH104 ,Ethylbenzene,39644,0.007,mg/L,
GDBH104 ,Toluene,39644,ND<0.001,mg/L,
GDBH104 ,Toluene,39644,0.014,mg/L,
GDBH104 ,TPH,39644,ND<0.005,mg/L,
GDBH104 ,TPH,39644,0.135,mg/L,
MW10 ,Ethylbenzene,39644,0.001,mg/L,
MW10 ,Toluene,39644,0.004,mg/L,
MW10 ,TPH,39644,0.01,mg/L,
MW102,Ethylbenzene,39644,0.003,mg/L,
MW102,Toluene,39644,0.038,mg/L,
MW102,TPH,39644,0.091,mg/L,
MW103,Ethylbenzene,39644,0.007,mg/L,
MW103,Toluene,39644,0.005,mg/L,
MW103,TPH,39644,0.125,mg/L,
MW104,Ethylbenzene,39644,ND<0.001,mg/L,
MW104,Toluene,39644,ND<0.001,mg/L,
MW104,TPH,39644,ND<0.005,mg/L,
MW6,Ethylbenzene,39644,ND<0.001,mg/L,
MW6,Toluene,39644,ND<0.001,mg/L,
MW6,TPH,39644,ND<0.005,mg/L,
MW7,Ethylbenzene,39644,ND<0.001,mg/L,
MW7,Toluene,39644,ND<0.001,mg/L,
MW7,TPH,39644,ND<0.005,mg/L,
MW8,Ethylbenzene,39644,0.001,mg/L,
MW8,Toluene,39644,ND<0.001,mg/L,
MW8,TPH,39644,1.423,mg/L,
MW9,Ethylbenzene,39644,2.03,mg/L,
MW9,Toluene,39644,15.1,mg/L,
MW9,TPH,39644,36.407,mg/L,
SGS2,NAPL,39644,72,mm,
SGS3 P1,Ethylbenzene,39644,ND<0.001,mg/L,
SGS3 P1,Toluene,39644,ND<0.001,mg/L,
SGS3 P1,TPH,39644,ND<0.005,mg/L,
SGS3 P2,Ethylbenzene,39644,ND<0.001,mg/L,
SGS3 P2,Toluene,39644,ND<0.001,mg/L,
SGS3 P2,TPH,39644,ND<0.005,mg/L,
SGS3 P3,Ethylbenzene,39644,ND<0.001,mg/L,
SGS3 P3,Toluene,39644,ND<0.001,mg/L,
SGS3 P3,TPH,39644,ND<0.005,mg/L,
SGS4 P1,Ethylbenzene,39644,ND<0.001,mg/L,
SGS4 P1,Toluene,39644,ND<0.001,mg/L,
SGS4 P1,TPH,39644,ND<0.005,mg/L,
SGS4 P3,Ethylbenzene,39644,ND<0.001,mg/L,
SGS4 P3,Toluene,39644,ND<0.001,mg/L,
SGS4 P3,TPH,39644,ND<0.005,mg/L,
SGS5 P1,Ethylbenzene,39644,ND<0.001,mg/L,
SGS5 P1,Toluene,39644,ND<0.001,mg/L,
SGS5 P1,TPH,39644,ND<0.005,mg/L,
SGS5 P2,Ethylbenzene,39644,ND<0.001,mg/L,
SGS5 P2,Toluene,39644,ND<0.001,mg/L,
SGS5 P2,TPH,39644,ND<0.005,mg/L,
BH3,GW,39612,57.914,metres,
GDBH102,GW,39612,57.929,metres,
SGS3 P1,Nitrate,39612,57,mg/l,
SGS3 P2,Nitrate,39612,65,mg/l,
SGS3 P3,Nitrate,39612,66,mg/l,
SGS4 P1,Nitrate,39612,58,mg/l,
SGS4 P3,Nitrate,39612,1.8,mg/l,
GDBH104,GW,39612,57.867,metres,
MW10,GW,39612,57.84,metres,
MW101,GW,39612,58.744,metres,
MW102,GW,39612,59.142,metres,
MW103,GW,39612,58.741,metres,
MW104,GW,39612,58.826,metres,
MW5,GW,39612,57.932,metres,
MW6,GW,39612,57.95,metres,
MW7,GW,39612,58.273,metres,
MW8,GW,39612,57.856,metres,
MW9,GW,39612,58.107,metres,
SGS2,GW,39612,57.92,metres,
SGS3 P1,GW,39612,58.043,metres,
SGS3 P2,GW,39612,58.05,metres,
SGS3 P3,GW,39612,58.045,metres,
SGS3 P1,Sulphate,39612,97,mg/l,
SGS3 P2,Sulphate,39612,58,mg/l,
SGS3 P3,Sulphate,39612,82,mg/l,
SGS4 P1,Sulphate,39612,110,mg/l,
BH3,NAPL,39609,243,mm,
GDBH103 ,Toluene,39609,0.505,mg/L,
GDBH103 ,TPH,39609,6.006,mg/L,
GDBH104 ,Ethylbenzene,39609,ND<0.001,mg/L,
GDBH104 ,Ethylbenzene,39609,ND<0.001,mg/L,
GDBH104 ,Toluene,39609,ND<0.001,mg/L,
GDBH104 ,Toluene,39609,0.002,mg/L,
GDBH104 ,TPH,39609,ND<0.005,mg/L,
GDBH104 ,TPH,39609,0.014,mg/L,
MW10 ,Ethylbenzene,39609,ND<0.001,mg/L,
MW10 ,Toluene,39609,ND<0.001,mg/L,
MW10 ,TPH,39609,ND<0.005,mg/L,
MW102,Ethylbenzene,39609,ND<0.001,mg/L,
MW102,Toluene,39609,ND<0.001,mg/L,
MW102,TPH,39609,ND<0.005,mg/L,
MW103,Ethylbenzene,39609,ND<0.001,mg/L,
MW103,Toluene,39609,ND<0.001,mg/L,
MW103,TPH,39609,ND<0.005,mg/L,
MW104,Ethylbenzene,39609,ND<0.001,mg/L,
MW104,Toluene,39609,ND<0.001,mg/L,
MW104,TPH,39609,ND<0.005,mg/L,
MW5,Ethylbenzene,39609,ND<0.001,mg/L,
MW5,Toluene,39609,ND<0.001,mg/L,
MW5,TPH,39609,ND<0.005,mg/L,
MW6,Ethylbenzene,39609,ND<0.001,mg/L,
MW6,Toluene,39609,ND<0.001,mg/L,
MW6,TPH,39609,ND<0.005,mg/L,
MW7,Ethylbenzene,39609,ND<0.001,mg/L,
MW7,Toluene,39609,ND<0.001,mg/L,
MW7,TPH,39609,ND<0.005,mg/L,
MW8,Ethylbenzene,39609,0.061,mg/L,
MW8,Toluene,39609,0.433,mg/L,
MW8,TPH,39609,8.832,mg/L,
MW9,Ethylbenzene,39609,1.91,mg/L,
MW9,Toluene,39609,5.77,mg/L,
MW9,TPH,39609,29.608,mg/L,
SGS2,NAPL,39609,132,mm,
SGS3 P1,Ethylbenzene,39609,ND<0.001,mg/L,
SGS3 P1,Toluene,39609,ND<0.001,mg/L,
SGS3 P1,TPH,39609,ND<0.005,mg/L,
SGS3 P2,Ethylbenzene,39609,ND<0.001,mg/L,
SGS3 P2,Toluene,39609,ND<0.001,mg/L,
SGS3 P2,TPH,39609,ND<0.005,mg/L,
SGS3 P3,Ethylbenzene,39609,ND<0.001,mg/L,
SGS3 P3,Toluene,39609,ND<0.001,mg/L,
SGS3 P3,TPH,39609,ND<0.005,mg/L,
SGS4 P1,Ethylbenzene,39609,ND<0.001,mg/L,
SGS4 P1,Toluene,39609,ND<0.001,mg/L,
SGS4 P1,TPH,39609,ND<0.005,mg/L,
SGS4 P3,Ethylbenzene,39609,ND<0.001,mg/L,
SGS4 P3,Toluene,39609,ND<0.001,mg/L,
SGS4 P3,TPH,39609,0.005,mg/L,
BH3,GW,39546,57.973,metres,
BH3,NAPL,39546,209,mm,
GDBH102,GW,39546,57.983,metres,
SGS3 P1,Nitrate,39546,59,mg/l,
SGS3 P2,Nitrate,39546,64,mg/l,
SGS3 P3,Nitrate,39546,63,mg/l,
SGS4 P1,Nitrate,39546,62,mg/l,
SGS4 P3,Nitrate,39546,2.4,mg/l,
GDBH104,GW,39546,57.908,metres,
MW10,GW,39546,57.911,metres,
MW101,GW,39546,59.964,metres,
MW102,GW,39546,60.239,metres,
MW103,GW,39546,59.907,metres,
MW104,GW,39546,60.099,metres,
MW5,GW,39546,57.971,metres,
MW6,GW,39546,57.998,metres,
MW7,GW,39546,58.333,metres,
MW8,GW,39546,57.892,metres,
MW9,GW,39546,58.16,metres,
SGS2,GW,39546,57.965,metres,
SGS2,NAPL,39546,166,mm,
SGS3 P1,GW,39546,58.113,metres,
SGS3 P2,GW,39546,58.098,metres,
SGS3 P3,GW,39546,58.109,metres,
SGS3 P1,Sulphate,39546,95,mg/l,
SGS3 P2,Sulphate,39546,58,mg/l,
SGS3 P3,Sulphate,39546,89,mg/l,
SGS4 P1,Sulphate,39546,110,mg/l,
GDBH104 ,Ethylbenzene,39540,ND<0.001,mg/L,
GDBH104 ,Ethylbenzene,39540,0.004,mg/L,
GDBH104 ,Toluene,39540,ND<0.001,mg/L,
GDBH104 ,Toluene,39540,0.02,mg/L,
GDBH104 ,TPH,39540,ND<0.005,mg/L,
GDBH104 ,TPH,39540,0.077,mg/L,
MW10 ,Ethylbenzene,39540,ND<0.001,mg/L,
MW10 ,Toluene,39540,ND<0.001,mg/L,
MW10 ,TPH,39540,0.002,mg/L,
MW102,Ethylbenzene,39540,ND<0.001,mg/L,
MW102,Toluene,39540,0.013,mg/L,
MW102,TPH,39540,0.044,mg/L,
MW103,Ethylbenzene,39540,0.004,mg/L,
MW103,Toluene,39540,0.004,mg/L,
MW103,TPH,39540,0.099,mg/L,
MW104,Ethylbenzene,39540,0.004,mg/L,
MW104,Toluene,39540,0.051,mg/L,
MW104,TPH,39540,0.174,mg/L,
MW5,Ethylbenzene,39540,ND<0.001,mg/L,
MW5,Toluene,39540,ND<0.001,mg/L,
MW5,TPH,39540,ND<0.005,mg/L,
MW6,Ethylbenzene,39540,ND<0.001,mg/L,
MW6,Toluene,39540,ND<0.001,mg/L,
MW6,TPH,39540,ND<0.005,mg/L,
MW7,Ethylbenzene,39540,ND<0.001,mg/L,
MW7,Toluene,39540,ND<0.001,mg/L,
MW7,TPH,39540,ND<0.005,mg/L,
MW8,Ethylbenzene,39540,2.91,mg/L,
MW8,Toluene,39540,5.31,mg/L,
MW8,TPH,39540,18.38,mg/L,
MW9,Ethylbenzene,39540,3.34,mg/L,
MW9,Toluene,39540,21.8,mg/L,
MW9,TPH,39540,51.468,mg/L,
SGS3 P1,Ethylbenzene,39540,ND<0.001,mg/L,
SGS3 P1,Toluene,39540,ND<0.001,mg/L,
SGS3 P1,TPH,39540,ND<0.005,mg/L,
SGS3 P2,Ethylbenzene,39540,ND<0.001,mg/L,
SGS3 P2,Toluene,39540,ND<0.001,mg/L,
SGS3 P2,TPH,39540,ND<0.005,mg/L,
SGS3 P3,Ethylbenzene,39540,ND<0.001,mg/L,
SGS3 P3,Toluene,39540,ND<0.001,mg/L,
SGS3 P3,TPH,39540,ND<0.005,mg/L,
SGS4 P1,Ethylbenzene,39540,ND<0.001,mg/L,
SGS4 P1,Toluene,39540,ND<0.001,mg/L,
SGS4 P1,TPH,39540,ND<0.005,mg/L,
SGS4 P3,Ethylbenzene,39540,ND<0.001,mg/L,
SGS4 P3,Toluene,39540,ND<0.001,mg/L,
SGS4 P3,TPH,39540,0.003,mg/L,
SGS3 P1,Nitrate,39513,57,mg/l,
SGS3 P2,Nitrate,39513,68,mg/l,
SGS3 P3,Nitrate,39513,66,mg/l,
SGS4 P1,Nitrate,39513,54,mg/l,
SGS4 P3,Nitrate,39513,3.4,mg/l,
SGS3 P1,Sulphate,39513,110,mg/l,
SGS3 P2,Sulphate,39513,62,mg/l,
SGS3 P3,Sulphate,39513,91,mg/l,
SGS4 P1,Sulphate,39513,120,mg/l,
BH3,NAPL,39506,243,mm,
SGS2,NAPL,39506,132,mm,
GDBH104 ,Ethylbenzene,39505,ND<0.001,mg/L,
GDBH104 ,Ethylbenzene,39505,0.011,mg/L,
GDBH104 ,Toluene,39505,ND<0.001,mg/L,
GDBH104 ,Toluene,39505,0.099,mg/L,
GDBH104 ,TPH,39505,ND<0.005,mg/L,
GDBH104 ,TPH,39505,0.235,mg/L,
MW10 ,Ethylbenzene,39505,ND<0.001,mg/L,
MW10 ,Toluene,39505,ND<0.001,mg/L,
MW10 ,TPH,39505,0.001,mg/L,
MW102,Ethylbenzene,39505,ND<0.005,mg/L,
MW102,Toluene,39505,0.008,mg/L,
MW102,TPH,39505,0.03,mg/L,
MW103,Ethylbenzene,39505,ND<0.001,mg/L,
MW103,Toluene,39505,ND<0.001,mg/L,
MW103,TPH,39505,ND<0.005,mg/L,
MW104,Ethylbenzene,39505,ND<0.005,mg/L,
MW104,Toluene,39505,0.021,mg/L,
MW104,TPH,39505,0.061,mg/L,
MW5,Ethylbenzene,39505,ND<0.001,mg/L,
MW5,Toluene,39505,ND<0.001,mg/L,
MW5,TPH,39505,0.001,mg/L,
MW6,Ethylbenzene,39505,ND<0.001,mg/L,
MW6,Toluene,39505,ND<0.001,mg/L,
MW6,TPH,39505,ND<0.005,mg/L,
MW7,Ethylbenzene,39505,ND<0.005,mg/L,
MW7,Toluene,39505,ND<0.005,mg/L,
MW7,TPH,39505,0.024,mg/L,
MW8,Ethylbenzene,39505,1.18,mg/L,
MW8,Toluene,39505,1.37,mg/L,
MW8,TPH,39505,11.582,mg/L,
MW9,Ethylbenzene,39505,0.466,mg/L,
MW9,Toluene,39505,6.38,mg/L,
MW9,TPH,39505,10.74,mg/L,
SGS3 P1,Ethylbenzene,39505,ND<0.001,mg/L,
SGS3 P1,Toluene,39505,ND<0.001,mg/L,
SGS3 P1,TPH,39505,0.009,mg/L,
SGS3 P2,Ethylbenzene,39505,ND<0.001,mg/L,
SGS3 P2,Toluene,39505,ND<0.001,mg/L,
SGS3 P2,TPH,39505,0.016,mg/L,
SGS3 P3,Ethylbenzene,39505,ND<0.001,mg/L,
SGS3 P3,Toluene,39505,ND<0.001,mg/L,
SGS3 P3,TPH,39505,0.007,mg/L,
SGS4 P1,Ethylbenzene,39505,ND<0.001,mg/L,
SGS4 P1,Toluene,39505,ND<0.001,mg/L,
SGS4 P1,TPH,39505,0.016,mg/L,
SGS4 P3,Ethylbenzene,39505,ND<0.001,mg/L,
SGS4 P3,Toluene,39505,ND<0.001,mg/L,
SGS4 P3,TPH,39505,0.029,mg/L,
BH3,NAPL,39464,254,mm,
SGS2,NAPL,39464,288,mm,
SGS3 P1,Nitrate,39463,53,mg/l,
SGS3 P2,Nitrate,39463,60,mg/l,
SGS3 P3,Nitrate,39463,61,mg/l,
SGS4 P1,Nitrate,39463,53,mg/l,
SGS4 P3,Nitrate,39463,1.8,mg/l,
SGS3 P1,Sulphate,39463,100,mg/l,
SGS3 P2,Sulphate,39463,61,mg/l,
SGS3 P3,Sulphate,39463,89,mg/l,
SGS4 P1,Sulphate,39463,120,mg/l,
GDBH104 ,Ethylbenzene,39462,ND<0.001,mg/L,
GDBH104 ,Ethylbenzene,39462,ND<0.001,mg/L,
GDBH104 ,Toluene,39462,ND<0.001,mg/L,
GDBH104 ,Toluene,39462,0.003,mg/L,
GDBH104 ,TPH,39462,0.003,mg/L,
GDBH104 ,TPH,39462,0.044,mg/L,
MW10 ,Ethylbenzene,39462,ND<0.001,mg/L,
MW10 ,Toluene,39462,ND<0.001,mg/L,
MW10 ,TPH,39462,0.002,mg/L,
MW102,Ethylbenzene,39462,ND<0.050,mg/L,
MW102,Toluene,39462,ND<0.050,mg/L,
MW102,TPH,39462,0.087,mg/L,
MW103,Ethylbenzene,39462,ND<0.050,mg/L,
MW103,Toluene,39462,0.227,mg/L,
MW103,TPH,39462,1.119,mg/L,
MW104,Ethylbenzene,39462,ND<0.050,mg/L,
MW104,Toluene,39462,0.202,mg/L,
MW104,TPH,39462,0.585,mg/L,
MW6,Ethylbenzene,39462,ND<0.001,mg/L,
MW6,Toluene,39462,0.003,mg/L,
MW6,TPH,39462,0.037,mg/L,
MW7,Ethylbenzene,39462,0.002,mg/L,
MW7,Toluene,39462,1.08,mg/L,
MW7,TPH,39462,1.942,mg/L,
MW8,Ethylbenzene,39462,0.104,mg/L,
MW8,Toluene,39462,0.11,mg/L,
MW8,TPH,39462,9.78,mg/L,
MW9,Ethylbenzene,39462,48,mg/L,
MW9,Toluene,39462,ND<0.010,mg/L,
MW9,TPH,39462,14.001,mg/L,
SGS3 P1,Ethylbenzene,39462,ND<0.001,mg/L,
SGS3 P1,Toluene,39462,ND<0.001,mg/L,
SGS3 P1,TPH,39462,0.002,mg/L,
SGS3 P2,Ethylbenzene,39462,ND<0.001,mg/L,
SGS3 P2,Toluene,39462,ND<0.001,mg/L,
SGS3 P2,TPH,39462,0.002,mg/L,
SGS3 P3,Ethylbenzene,39462,ND<0.001,mg/L,
SGS3 P3,Toluene,39462,ND<0.001,mg/L,
SGS3 P3,TPH,39462,0.002,mg/L,
SGS4 P1,Ethylbenzene,39462,ND<0.001,mg/L,
SGS4 P1,Toluene,39462,ND<0.001,mg/L,
SGS4 P1,TPH,39462,0.002,mg/L,
SGS4 P3,Ethylbenzene,39462,ND<0.001,mg/L,
SGS4 P3,Toluene,39462,ND<0.001,mg/L,
SGS4 P3,TPH,39462,0.002,mg/L,
SGS3 P1,Nitrate,39426,55,mg/l,
SGS3 P2,Nitrate,39426,59,mg/l,
SGS3 P3,Nitrate,39426,60,mg/l,
SGS4 P1,Nitrate,39426,54,mg/l,
SGS4 P3,Nitrate,39426,4.3,mg/l,
GDBH104,GW,39426,57.709,metres,
GDBH104 ,Ethylbenzene,39426,ND<0.001,mg/L,
GDBH104 ,Toluene,39426,ND<0.001,mg/L,
GDBH104 ,TPH,39426,0.007,mg/L,
MW10 ,Ethylbenzene,39426,ND<0.001,mg/L,
MW10 ,Toluene,39426,0.002,mg/L,
MW10 ,TPH,39426,0.009,mg/L,
MW5,Ethylbenzene,39426,ND<0.001,mg/L,
MW5,GW,39426,57.733,metres,
MW5,Toluene,39426,ND<0.001,mg/L,
MW5,TPH,39426,0.005,mg/L,
MW7,Ethylbenzene,39426,0.476,mg/L,
MW7,GW,39426,57.782,metres,
MW7,Toluene,39426,9.03,mg/L,
MW7,TPH,39426,16.425,mg/L,
SGS3 P1,Ethylbenzene,39426,ND<0.001,mg/L,
SGS3 P1,Toluene,39426,ND<0.001,mg/L,
SGS3 P1,TPH,39426,0.028,mg/L,
SGS3 P2,Ethylbenzene,39426,ND<0.001,mg/L,
SGS3 P2,Toluene,39426,ND<0.001,mg/L,
SGS3 P2,TPH,39426,0.009,mg/L,
SGS3 P3,Ethylbenzene,39426,ND<0.001,mg/L,
SGS3 P3,Toluene,39426,ND<0.001,mg/L,
SGS3 P3,TPH,39426,0.008,mg/L,
SGS4 P1,Ethylbenzene,39426,ND<0.001,mg/L,
SGS4 P1,Toluene,39426,ND<0.001,mg/L,
SGS4 P1,TPH,39426,0.007,mg/L,
SGS4 P3,Ethylbenzene,39426,ND<0.001,mg/L,
SGS4 P3,Toluene,39426,ND<0.001,mg/L,
SGS4 P3,TPH,39426,0.027,mg/L,
SGS3 P1,Sulphate,39426,100,mg/l,
SGS3 P2,Sulphate,39426,63,mg/l,
SGS3 P3,Sulphate,39426,92,mg/l,
SGS4 P1,Sulphate,39426,120,mg/l,
BH3,GW,39385,57.534,metres,
GDBH102,GW,39385,57.537,metres,
SGS3 P1,Nitrate,39385,55,mg/l,
SGS3 P2,Nitrate,39385,61,mg/l,
SGS3 P3,Nitrate,39385,62,mg/l,
SGS4 P1,Nitrate,39385,59,mg/l,
SGS4 P3,Nitrate,39385,3.5,mg/l,
GDBH104,GW,39385,57.534,metres,
GDBH104 ,Ethylbenzene,39385,ND<0.001,mg/L,
GDBH104 ,Toluene,39385,ND<0.001,mg/L,
GDBH104 ,TPH,39385,0.003,mg/L,
MW10,GW,39385,57.49,metres,
MW10 ,Ethylbenzene,39385,ND<0.001,mg/L,
MW10 ,Toluene,39385,ND<0.001,mg/L,
MW10 ,TPH,39385,ND<0.005,mg/L,
MW5,Ethylbenzene,39385,ND<0.001,mg/L,
MW5,GW,39385,57.565,metres,
MW5,Toluene,39385,ND<0.001,mg/L,
MW5,TPH,39385,ND<0.005,mg/L,
MW9,GW,39385,57.511,metres,
SGS2,GW,39385,57.526,metres,
SGS3 P1,Ethylbenzene,39385,ND<0.001,mg/L,
SGS3 P1,GW,39385,57.559,metres,
SGS3 P1,Toluene,39385,ND<0.001,mg/L,
SGS3 P1,TPH,39385,ND<0.005,mg/L,
SGS3 P2,Ethylbenzene,39385,ND<0.001,mg/L,
SGS3 P2,GW,39385,57.556,metres,
SGS3 P2,Toluene,39385,ND<0.001,mg/L,
SGS3 P2,TPH,39385,0.007,mg/L,
SGS3 P3,Ethylbenzene,39385,ND<0.001,mg/L,
SGS3 P3,GW,39385,57.558,metres,
SGS3 P3,Toluene,39385,ND<0.001,mg/L,
SGS3 P3,TPH,39385,ND<0.005,mg/L,
SGS4 P1,Ethylbenzene,39385,ND<0.001,mg/L,
SGS4 P1,Toluene,39385,ND<0.001,mg/L,
SGS4 P1,TPH,39385,0.014,mg/L,
SGS4 P3,Ethylbenzene,39385,ND<0.001,mg/L,
SGS4 P3,Toluene,39385,ND<0.001,mg/L,
SGS4 P3,TPH,39385,0.013,mg/L,
SGS3 P1,Sulphate,39385,130,mg/l,
SGS3 P2,Sulphate,39385,63,mg/l,
SGS3 P3,Sulphate,39385,92,mg/l,
SGS4 P1,Sulphate,39385,130,mg/l,
SGS3 P1,Sulphate,39363,100,mg/l,
SGS3 P2,Sulphate,39363,61,mg/l,
SGS3 P3,Sulphate,39363,91,mg/l,
SGS4 P1,Sulphate,39363,130,mg/l,
BH3,GW,39329,57.699,metres,
GDBH101,GW,39329,57.66,metres,
GDBH102,GW,39329,57.668,metres,
GDBH104,GW,39329,57.783,metres,
GDBH104 ,Ethylbenzene,39329,ND<0.001,mg/L,
GDBH104 ,Toluene,39329,0.001,mg/L,
GDBH104 ,TPH,39329,ND<0.005,mg/L,
MW10,GW,39329,57.579,metres,
MW10 ,Ethylbenzene,39329,ND<0.001,mg/L,
MW10 ,Toluene,39329,ND<0.001,mg/L,
MW10 ,TPH,39329,ND<0.005,mg/L,
MW10 ,Ethylbenzene,39329,ND<0.001,mg/L,
MW10 ,Toluene,39329,ND<0.001,mg/L,
MW10 ,TPH,39329,ND<0.005,mg/L,
MW10 ,Ethylbenzene,39329,ND<0.001,mg/L,
MW10 ,Toluene,39329,ND<0.001,mg/L,
MW10 ,TPH,39329,ND<0.005,mg/L,
MW5,Ethylbenzene,39329,ND<0.001,mg/L,
MW5,GW,39329,57.693,metres,
MW5,Toluene,39329,ND<0.001,mg/L,
MW5,TPH,39329,ND<0.005,mg/L,
MW8,GW,39329,57.648,metres,
MW9,Ethylbenzene,39329,3.71,mg/L,
MW9,GW,39329,57.619,metres,
MW9,Toluene,39329,14,mg/L,
MW9,TPH,39329,53.797,mg/L,
SGS2,GW,39329,57.633,metres,
SGS3 P1,Ethylbenzene,39329,ND<0.001,mg/L,
SGS3 P1,GW,39329,57.681,metres,
SGS3 P1,Toluene,39329,ND<0.001,mg/L,
SGS3 P1,TPH,39329,ND<0.005,mg/L,
SGS3 P2,Ethylbenzene,39329,ND<0.001,mg/L,
SGS3 P2,GW,39329,57.682,metres,
SGS3 P2,Toluene,39329,ND<0.001,mg/L,
SGS3 P2,TPH,39329,ND<0.005,mg/L,
SGS3 P3,Ethylbenzene,39329,ND<0.001,mg/L,
SGS3 P3,GW,39329,57.681,metres,
SGS3 P3,Toluene,39329,ND<0.001,mg/L,
SGS3 P3,TPH,39329,ND<0.005,mg/L,
SGS4 P1,Ethylbenzene,39329,ND<0.001,mg/L,
SGS4 P1,Toluene,39329,ND<0.001,mg/L,
SGS4 P1,TPH,39329,ND<0.005,mg/L,
SGS4 P3,Ethylbenzene,39329,ND<0.010,mg/L,
SGS4 P3,Toluene,39329,ND<0.010,mg/L,
SGS4 P3,TPH,39329,0.041,mg/L,
BH1,GW,39281,57.8568,metres,
BH3,GW,39281,57.7548,metres,
BH3,NAPL,39281,1,mm,
GDBH101,GW,39281,57.7638,metres,
GDBH101,NAPL,39281,11,mm,
GDBH102,GW,39281,57.777,metres,
GDBH103 ,Toluene,39281,0.954,mg/L,
GDBH103 ,TPH,39281,15.073,mg/L,
GDBH104,GW,39281,57.783,metres,
GDBH104 ,Ethylbenzene,39281,ND<0.001,mg/L,
GDBH104 ,Toluene,39281,ND<0.001,mg/L,
GDBH104 ,TPH,39281,ND<0.005,mg/L,
GDBH105,GW,39281,57.7382,metres,
GDBH105,NAPL,39281,4,mm,
MW1,NAPL,39281,8,mm,
MW10 ,Ethylbenzene,39281,ND<0.001,mg/L,
MW10 ,Toluene,39281,ND<0.001,mg/L,
MW10 ,TPH,39281,ND<0.005,mg/L,
MW2,NAPL,39281,28,mm,
MW4,NAPL,39281,11,mm,
MW5,Ethylbenzene,39281,ND<0.001,mg/L,
MW5,Toluene,39281,ND<0.001,mg/L,
MW5,TPH,39281,ND<0.005,mg/L,
MW6,Ethylbenzene,39281,ND<0.001,mg/L,
MW6,Toluene,39281,ND<0.001,mg/L,
MW6,TPH,39281,ND<0.005,mg/L,
MW7,Ethylbenzene,39281,ND<0.001,mg/L,
MW7,Toluene,39281,ND<0.001,mg/L,
MW7,TPH,39281,0.038,mg/L,
MW8,Ethylbenzene,39281,1.34,mg/L,
MW8,Toluene,39281,1.54,mg/L,
MW8,TPH,39281,14.767,mg/L,
MW9,Ethylbenzene,39281,3.54,mg/L,
MW9,Toluene,39281,15.9,mg/L,
MW9,TPH,39281,42.415,mg/L,
SGS1,GW,39281,57.7904,metres,
SGS1,NAPL,39281,3,mm,
SGS2,GW,39281,57.7442,metres,
SGS2,NAPL,39281,24,mm,
SGS3 P1,Ethylbenzene,39281,ND<0.001,mg/L,
SGS3 P1,GW,39281,57.787,metres,
SGS3 P1,Toluene,39281,ND<0.001,mg/L,
SGS3 P1,TPH,39281,ND<0.005,mg/L,
SGS3 P2,Ethylbenzene,39281,ND<0.001,mg/L,
SGS3 P2,GW,39281,57.792,metres,
SGS3 P2,Toluene,39281,ND<0.001,mg/L,
SGS3 P2,TPH,39281,0.071,mg/L,
SGS3 P3,Ethylbenzene,39281,ND<0.001,mg/L,
SGS3 P3,GW,39281,57.785,metres,
SGS3 P3,Toluene,39281,ND<0.001,mg/L,
SGS3 P3,TPH,39281,0.035,mg/L,
SGS4 P1,Ethylbenzene,39281,ND<0.001,mg/L,
SGS4 P1,Toluene,39281,ND<0.001,mg/L,
SGS4 P1,TPH,39281,ND<0.050,mg/L,
SGS4 P3,Ethylbenzene,39281,ND<0.001,mg/L,
SGS4 P3,Toluene,39281,ND<0.001,mg/L,
SGS4 P3,TPH,39281,0.017,mg/L,
BH1,GW,39247,58.062,metres,
BH3,GW,39247,58.0346,metres,
BH3,NAPL,39247,5,mm,
GDBH101,GW,39247,57.9616,metres,
GDBH101,NAPL,39247,5,mm,
GDBH102,GW,39247,58.084,metres,
GDBH103 ,Toluene,39247,1.39,mg/L,
GDBH103 ,TPH,39247,10.147,mg/L,
GDBH104,GW,39247,57.978,metres,
GDBH104 ,Ethylbenzene,39247,ND<0.001,mg/L,
GDBH104 ,Toluene,39247,ND<0.001,mg/L,
GDBH104 ,TPH,39247,ND<0.005,mg/L,
GDBH105,GW,39247,57.8756,metres,
GDBH105,NAPL,39247,2,mm,
MW1,NAPL,39247,15,mm,
MW10 ,Ethylbenzene,39247,ND<0.001,mg/L,
MW10 ,Toluene,39247,ND<0.001,mg/L,
MW10 ,TPH,39247,ND<0.005,mg/L,
MW2,NAPL,39247,20,mm,
MW4,NAPL,39247,40,mm,
MW5,Ethylbenzene,39247,ND<0.001,mg/L,
MW5,Toluene,39247,ND<0.001,mg/L,
MW5,TPH,39247,ND<0.005,mg/L,
MW6,Ethylbenzene,39247,ND<0.001,mg/L,
MW6,Toluene,39247,ND<0.001,mg/L,
MW6,TPH,39247,ND<0.005,mg/L,
MW7,Ethylbenzene,39247,ND<0.050,mg/L,
MW7,Toluene,39247,1.27,mg/L,
MW7,TPH,39247,2.524,mg/L,
MW8,Ethylbenzene,39247,1.98,mg/L,
MW8,Toluene,39247,0.699,mg/L,
MW8,TPH,39247,7.866,mg/L,
MW9,Ethylbenzene,39247,1.71,mg/L,
MW9,Toluene,39247,14.1,mg/L,
MW9,TPH,39247,25.706,mg/L,
SGS1,GW,39247,57.9718,metres,
SGS1,NAPL,39247,10,mm,
SGS2,GW,39247,57.9826,metres,
SGS2,NAPL,39247,55,mm,
SGS3 P1,Ethylbenzene,39247,ND<0.001,mg/L,
SGS3 P1,Toluene,39247,ND<0.001,mg/L,
SGS3 P1,TPH,39247,0.039,mg/L,
SGS3 P2,Ethylbenzene,39247,ND<0.001,mg/L,
SGS3 P2,Toluene,39247,ND<0.001,mg/L,
SGS3 P2,TPH,39247,0.016,mg/L,
SGS3 P3,Ethylbenzene,39247,ND<0.005,mg/L,
SGS3 P3,Toluene,39247,ND<0.005,mg/L,
SGS3 P3,TPH,39247,0.027,mg/L,
SGS4 P1,Ethylbenzene,39247,ND<0.001,mg/L,
SGS4 P1,Toluene,39247,ND<0.001,mg/L,
SGS4 P3,Ethylbenzene,39247,ND<0.001,mg/L,
SGS4 P3,Toluene,39247,ND<0.001,mg/L,
SGS4 P3,TPH,39247,0.011,mg/L,
BH1,GW,39216,58.079,metres,
BH3,GW,39216,58.036,metres,
GDBH101,Ethylbenzene,39216,1.43,mg/L,
GDBH101,GW,39216,57.977,metres,
GDBH101,Toluene,39216,13.2,mg/L,
GDBH101,TPH,39216,27.48,mg/L,
GDBH102,GW,39216,58.023,metres,
GDBH103 ,Toluene,39216,2.47,mg/L,
GDBH103 ,TPH,39216,13.883,mg/L,
GDBH104,GW,39216,57.998,metres,
GDBH104 ,Ethylbenzene,39216,ND<0.001,mg/L,
GDBH104 ,Toluene,39216,ND<0.001,mg/L,
GDBH104 ,TPH,39216,ND<0.005,mg/L,
GDBH105,GW,39216,57.9584,metres,
MW10 ,Ethylbenzene,39216,ND<0.001,mg/L,
MW10 ,Toluene,39216,ND<0.001,mg/L,
MW10 ,TPH,39216,ND<0.005,mg/L,
MW5,Ethylbenzene,39216,ND<0.001,mg/L,
MW5,Toluene,39216,ND<0.001,mg/L,
MW5,TPH,39216,ND<0.005,mg/L,
MW6,Ethylbenzene,39216,ND<0.001,mg/L,
MW6,Toluene,39216,ND<0.001,mg/L,
MW6,TPH,39216,ND<0.005,mg/L,
MW7,Ethylbenzene,39216,ND<0.005,mg/L,
MW7,Toluene,39216,ND<0.005,mg/L,
MW7,TPH,39216,0.012,mg/L,
MW8,Ethylbenzene,39216,0.991,mg/L,
MW8,Toluene,39216,0.972,mg/L,
MW8,TPH,39216,6.381,mg/L,
MW9,Ethylbenzene,39216,1.94,mg/L,
MW9,Toluene,39216,17.5,mg/L,
MW9,TPH,39216,35.606,mg/L,
SGS1,GW,39216,57.9966,metres,
SGS2,GW,39216,57.9992,metres,
SGS3 P1,Ethylbenzene,39216,ND<0.001,mg/L,
SGS3 P1,Toluene,39216,ND<0.001,mg/L,
SGS3 P1,TPH,39216,ND<0.005,mg/L,
SGS3 P2,Ethylbenzene,39216,ND<0.001,mg/L,
SGS3 P2,Toluene,39216,ND<0.001,mg/L,
SGS3 P2,TPH,39216,ND<0.005,mg/L,
SGS3 P3,Ethylbenzene,39216,ND<0.001,mg/L,
SGS3 P3,Toluene,39216,ND<0.001,mg/L,
SGS3 P3,TPH,39216,ND<0.005,mg/L,
BH1,GW,39175,58.4968,metres,
BH3,GW,39175,58.2148,metres,
GDBH101,Ethylbenzene,39175,1.98,mg/L,
GDBH101,GW,39175,58.204,metres,
GDBH101,Toluene,39175,7.14,mg/L,
GDBH101,TPH,39175,31.397,mg/L,
GDBH102,GW,39175,58.224,metres,
GDBH103 ,Toluene,39175,2.38,mg/L,
GDBH103 ,TPH,39175,17.213,mg/L,
GDBH104,GW,39175,58.22,metres,
GDBH104 ,Ethylbenzene,39175,ND<0.001,mg/L,
GDBH104 ,Toluene,39175,ND<0.001,mg/L,
GDBH104 ,TPH,39175,0.003,mg/L,
GDBH105,GW,39175,58.1688,metres,
MW10 ,Ethylbenzene,39175,ND<0.001,mg/L,
MW10 ,Toluene,39175,ND<0.001,mg/L,
MW10 ,TPH,39175,ND<0.005,mg/L,
MW5,Ethylbenzene,39175,ND<0.001,mg/L,
MW5,Toluene,39175,ND<0.001,mg/L,
MW5,TPH,39175,ND<0.005,mg/L,
MW6,Ethylbenzene,39175,ND<0.001,mg/L,
MW6,Toluene,39175,ND<0.001,mg/L,
MW6,TPH,39175,ND<0.005,mg/L,
MW9,Ethylbenzene,39175,0.389,mg/L,
MW9,Toluene,39175,1.35,mg/L,
MW9,TPH,39175,4.397,mg/L,
SGS1,GW,39175,58.221,metres,
SGS2,GW,39175,58.19,metres,
SGS3 P1,Ethylbenzene,39175,ND<0.001,mg/L,
SGS3 P1,GW,39175,58.219,metres,
SGS3 P1,Toluene,39175,ND<0.001,mg/L,
SGS3 P1,TPH,39175,ND<0.005,mg/L,
SGS3 P2,Ethylbenzene,39175,ND<0.001,mg/L,
SGS3 P2,GW,39175,58.22,metres,
SGS3 P2,Toluene,39175,ND<0.001,mg/L,
SGS3 P2,TPH,39175,ND<0.005,mg/L,
SGS3 P3,Ethylbenzene,39175,ND<0.001,mg/L,
SGS3 P3,GW,39175,58.222,metres,
SGS3 P3,Toluene,39175,ND<0.001,mg/L,
SGS3 P3,TPH,39175,ND<0.005,mg/L,
GDBH101,Ethylbenzene,39119,0.761,mg/L,
GDBH101,Toluene,39119,13.5,mg/L,
GDBH101,TPH,39119,23.147,mg/L,
GDBH103 ,Toluene,39119,2.88,mg/L,
GDBH103 ,TPH,39119,21.746,mg/L,
GDBH104 ,Ethylbenzene,39119,ND<0.001,mg/L,
GDBH104 ,Toluene,39119,ND<0.001,mg/L,
GDBH104 ,TPH,39119,ND<0.005,mg/L,
MW10 ,Ethylbenzene,39119,ND<0.001,mg/L,
MW10 ,Toluene,39119,0.005,mg/L,
MW10 ,TPH,39119,0.01,mg/L,
MW5,Ethylbenzene,39119,ND<0.001,mg/L,
MW5,Toluene,39119,ND<0.001,mg/L,
MW5,TPH,39119,ND<0.005,mg/L,
MW6,Ethylbenzene,39119,ND<0.001,mg/L,
MW6,Toluene,39119,ND<0.001,mg/L,
MW6,TPH,39119,ND<0.005,mg/L,
MW9,Ethylbenzene,39119,1.02,mg/L,
MW9,Toluene,39119,19.2,mg/L,
MW9,TPH,39119,31.152,mg/L,
SGS3 P1,Ethylbenzene,39119,ND<0.001,mg/L,
SGS3 P1,Toluene,39119,ND<0.001,mg/L,
SGS3 P1,TPH,39119,ND<0.005,mg/L,
SGS3 P2,Ethylbenzene,39119,ND<0.001,mg/L,
SGS3 P2,Toluene,39119,ND<0.001,mg/L,
SGS3 P2,TPH,39119,ND<0.005,mg/L,
SGS3 P3,Ethylbenzene,39119,ND<0.001,mg/L,
SGS3 P3,Toluene,39119,ND<0.001,mg/L,
SGS3 P3,TPH,39119,0.012,mg/L,
BH1,GW,39090,58.08,metres,
BH3,GW,39090,58.1084,metres,
BH3,NAPL,39090,58,mm,
GDBH101,Ethylbenzene,39090,4.22,mg/L,
GDBH101,GW,39090,57.995,metres,
GDBH101,Toluene,39090,44.44,mg/L,
GDBH101,TPH,39090,87.842,mg/L,
GDBH102,GW,39090,58.046,metres,
GDBH104,GW,39090,58.012,metres,
GDBH104 ,Ethylbenzene,39090,ND<0.001,mg/L,
GDBH104 ,Toluene,39090,ND<0.001,mg/L,
GDBH104 ,TPH,39090,0.007,mg/L,
GDBH105,GW,39090,57.9618,metres,
GDBH105,NAPL,39090,1,mm,
MW1,NAPL,39090,3,mm,
MW10 ,Ethylbenzene,39090,ND<0.001,mg/L,
MW10 ,Toluene,39090,ND<0.001,mg/L,
MW10 ,TPH,39090,0.005,mg/L,
MW2,NAPL,39090,3,mm,
MW4,NAPL,39090,7,mm,
MW5,Ethylbenzene,39090,ND<0.001,mg/L,
MW5,Toluene,39090,ND<0.001,mg/L,
MW5,TPH,39090,0.003,mg/L,
MW6,Ethylbenzene,39090,0.003,mg/L,
MW6,Toluene,39090,0.047,mg/L,
MW6,TPH,39090,0.066,mg/L,
MW6 ,Ethylbenzene,39090,0.003,mg/L,
MW6 ,Toluene,39090,0.048,mg/L,
MW6 ,TPH,39090,0.069,mg/L,
MW9,Ethylbenzene,39090,7.75,mg/L,
MW9,Toluene,39090,52.2,mg/L,
MW9,TPH,39090,111.689,mg/L,
MW9 ,Ethylbenzene,39090,6.05,mg/L,
MW9 ,Toluene,39090,49.8,mg/L,
MW9 ,TPH,39090,98.101,mg/L,
MW9 ,Ethylbenzene,39090,6.98,mg/L,
MW9 ,Toluene,39090,52.6,mg/L,
MW9 ,TPH,39090,107.425,mg/L,
SGS1,GW,39090,58.0236,metres,
SGS1,NAPL,39090,22,mm,
SGS2,GW,39090,58.028,metres,
SGS3 P1,Ethylbenzene,39090,ND<0.001,mg/L,
SGS3 P1,Toluene,39090,ND<0.001,mg/L,
SGS3 P1,TPH,39090,0.002,mg/L,
SGS3 P2,Ethylbenzene,39090,ND<0.001,mg/L,
SGS3 P2,Toluene,39090,ND<0.001,mg/L,
SGS3 P2,TPH,39090,0.011,mg/L,
SGS3 P3,Ethylbenzene,39090,ND<0.001,mg/L,
SGS3 P3,Toluene,39090,ND<0.001,mg/L,
SGS3 P3,TPH,39090,0.003,mg/L,
BH1,GW,39043,57.7484,metres,
BH3,GW,39043,57.7384,metres,
GDBH101,Ethylbenzene,39043,0.498,mg/L,
GDBH101,GW,39043,57.582,metres,
GDBH101,Toluene,39043,17.1,mg/L,
GDBH101,TPH,39043,29.921,mg/L,
GDBH102,GW,39043,57.599,metres,
GDBH104,GW,39043,57.602,metres,
GDBH104 ,Ethylbenzene,39043,ND<0.001,mg/L,
GDBH104 ,Toluene,39043,ND<0.001,mg/L,
GDBH104 ,TPH,39043,ND<0.005,mg/L,
GDBH105,GW,39043,57.5762,metres,
MW10 ,Ethylbenzene,39043,ND<0.001,mg/L,
MW10 ,Toluene,39043,ND<0.001,mg/L,
MW10 ,TPH,39043,ND<0.005,mg/L,
MW5,Ethylbenzene,39043,ND<0.001,mg/L,
MW5,Toluene,39043,ND<0.001,mg/L,
MW5,TPH,39043,ND<0.005,mg/L,
MW6,Ethylbenzene,39043,ND<0.001,mg/L,
MW6,Toluene,39043,ND<0.001,mg/L,
MW6,TPH,39043,0.001,mg/L,
MW9,Ethylbenzene,39043,2.67,mg/L,
MW9,Toluene,39043,25.6,mg/L,
MW9,TPH,39043,55.932,mg/L,
MW9 ,Ethylbenzene,39043,2.75,mg/L,
MW9 ,Toluene,39043,24.9,mg/L,
MW9 ,TPH,39043,50.339,mg/L,
MW9 ,Ethylbenzene,39043,2.56,mg/L,
MW9 ,Toluene,39043,24,mg/L,
MW9 ,TPH,39043,47.313,mg/L,
SGS1,GW,39043,57.6564,metres,
SGS2,GW,39043,57.685,metres,
SGS3 P1,Ethylbenzene,39043,ND<0.001,mg/L,
SGS3 P1,GW,39043,57.6,metres,
SGS3 P1,Toluene,39043,ND<0.001,mg/L,
SGS3 P1,TPH,39043,ND<0.005,mg/L,
SGS3 P2,Ethylbenzene,39043,ND<0.001,mg/L,
SGS3 P2,GW,39043,57.59,metres,
SGS3 P2,Toluene,39043,ND<0.001,mg/L,
SGS3 P2,TPH,39043,ND<0.005,mg/L,
SGS3 P3,Ethylbenzene,39043,ND<0.001,mg/L,
SGS3 P3,GW,39043,57.6,metres,
SGS3 P3,Toluene,39043,ND<0.001,mg/L,
SGS3 P3,TPH,39043,ND<0.005,mg/L,
BH1,GW,39008,57.4408,metres,
BH3,GW,39008,57.391,metres,
GDBH101,Ethylbenzene,39008,1.04,mg/L,
GDBH101,GW,39008,57.366,metres,
GDBH101,Toluene,39008,10.8,mg/L,
GDBH101,TPH,39008,29.864,mg/L,
GDBH102,GW,39008,57.382,metres,
GDBH104,GW,39008,57.384,metres,
GDBH104 ,Ethylbenzene,39008,ND<0.001,mg/L,
GDBH104 ,Toluene,39008,0.001,mg/L,
GDBH104 ,TPH,39008,0.004,mg/L,
GDBH104 ,Ethylbenzene,39008,ND<0.001,mg/L,
GDBH104 ,Toluene,39008,ND<0.001,mg/L,
GDBH104 ,TPH,39008,ND<0.005,mg/L,
GDBH105,GW,39008,57.3278,metres,
MW10 ,Ethylbenzene,39008,ND<0.001,mg/L,
MW10 ,Toluene,39008,0.005,mg/L,
MW10 ,TPH,39008,0.014,mg/L,
MW5,Ethylbenzene,39008,ND<0.010,mg/L,
MW5,Toluene,39008,0.681,mg/L,
MW5,TPH,39008,0.94,mg/L,
MW6,Ethylbenzene,39008,ND<0.001,mg/L,
MW6,Toluene,39008,0.002,mg/L,
MW6,TPH,39008,0.07,mg/L,
MW6 ,Ethylbenzene,39008,ND<0.001,mg/L,
MW6 ,Toluene,39008,0.005,mg/L,
MW6 ,TPH,39008,0.087,mg/L,
MW6 ,Ethylbenzene,39008,ND<0.001,mg/L,
MW6 ,Toluene,39008,0.23,mg/L,
MW6 ,TPH,39008,0.373,mg/L,
MW9,Ethylbenzene,39008,1.59,mg/L,
MW9,Toluene,39008,20.7,mg/L,
MW9,TPH,39008,69.627,mg/L,
SGS1,GW,39008,57.3876,metres,
SGS2,GW,39008,57.3716,metres,
SGS3 P1,Ethylbenzene,39008,ND<0.001,mg/L,
SGS3 P1,GW,39008,57.5,metres,
SGS3 P1,Toluene,39008,ND<0.001,mg/L,
SGS3 P1,TPH,39008,ND<0.005,mg/L,
SGS3 P2,Ethylbenzene,39008,ND<0.001,mg/L,
SGS3 P2,GW,39008,57.542,metres,
SGS3 P2,Toluene,39008,ND<0.001,mg/L,
SGS3 P2,TPH,39008,0.001,mg/L,
SGS3 P3,Ethylbenzene,39008,ND<0.001,mg/L,
SGS3 P3,GW,39008,57.501,metres,
SGS3 P3,Toluene,39008,ND<0.001,mg/L,
SGS3 P3,TPH,39008,0.028,mg/L,
BH1,GW,38980,57.3396,metres,
BH1,NAPL,38980,62,mm,
BH3,GW,38980,57.3156,metres,
BH3,NAPL,38980,547,mm,
GDBH101,Ethylbenzene,38980,1.19,mg/L,
GDBH101,GW,38980,57.275,metres,
GDBH101,Toluene,38980,11.6,mg/L,
GDBH101,TPH,38980,19.996,mg/L,
GDBH102,GW,38980,57.28,metres,
GDBH104,GW,38980,57.309,metres,
GDBH104 ,Ethylbenzene,38980,ND<0.001,mg/L,
GDBH104 ,Toluene,38980,ND<0.001,mg/L,
GDBH104 ,TPH,38980,0.001,mg/L,
GDBH105,GW,38980,57.2392,metres,
GDBH105,NAPL,38980,959,mm,
MW1,NAPL,38980,100,mm,
MW10 ,Ethylbenzene,38980,ND<0.001,mg/L,
MW10 ,Toluene,38980,0.002,mg/L,
MW10 ,TPH,38980,0.005,mg/L,
MW2,NAPL,38980,1649,mm,
MW3,NAPL,38980,14,mm,
MW4,NAPL,38980,87,mm,
MW5,Ethylbenzene,38980,ND<0.001,mg/L,
MW5,Toluene,38980,ND<0.001,mg/L,
MW5,TPH,38980,0.001,mg/L,
MW6,Ethylbenzene,38980,ND<0.001,mg/L,
MW6,Toluene,38980,ND<0.001,mg/L,
MW6,TPH,38980,0.385,mg/L,
MW7,Ethylbenzene,38980,ND<0.001,mg/L,
MW7,Toluene,38980,0.01,mg/L,
MW7,TPH,38980,1.341,mg/L,
MW8,NAPL,38980,8,mm,
MW9,Ethylbenzene,38980,4.76,mg/L,
MW9,Toluene,38980,16.8,mg/L,
MW9,TPH,38980,47.22,mg/L,
MW9 ,Ethylbenzene,38980,3.63,mg/L,
MW9 ,Toluene,38980,13.9,mg/L,
MW9 ,TPH,38980,38.358,mg/L,
MW9 ,Ethylbenzene,38980,3.14,mg/L,
MW9 ,Toluene,38980,16.2,mg/L,
MW9 ,TPH,38980,38.579,mg/L,
SGS1,GW,38980,57.2702,metres,
SGS1,NAPL,38980,899,mm,
SGS2,GW,38980,57.2662,metres,
SGS2,NAPL,38980,99,mm,
SGS3 P1,Ethylbenzene,38980,ND<0.001,mg/L,
SGS3 P1,Toluene,38980,ND<0.001,mg/L,
SGS3 P1,TPH,38980,0.001,mg/L,
SGS3 P2,Ethylbenzene,38980,ND<0.001,mg/L,
SGS3 P2,Toluene,38980,ND<0.001,mg/L,
SGS3 P2,TPH,38980,ND<0.005,mg/L,
SGS3 P3,Ethylbenzene,38980,ND<0.001,mg/L,
SGS3 P3,Toluene,38980,ND<0.001,mg/L,
SGS3 P3,TPH,38980,ND<0.005,mg/L,
BH1,GW,38951,57.3632,metres,
BH3,GW,38951,57.2712,metres,
GDBH101,Ethylbenzene,38951,1.18,mg/L,
GDBH101,GW,38951,57.2878,metres,
GDBH101,Toluene,38951,3.42,mg/L,
GDBH101,TPH,38951,16.926,mg/L,
GDBH102,GW,38951,57.298,metres,
GDBH104,GW,38951,57.306,metres,
GDBH104 ,Ethylbenzene,38951,ND<0.001,mg/L,
GDBH104 ,Toluene,38951,ND<0.001,mg/L,
GDBH104 ,TPH,38951,0.004,mg/L,
GDBH105,GW,38951,57.2524,metres,
MW10 ,Ethylbenzene,38951,ND<0.001,mg/L,
MW10 ,Toluene,38951,ND<0.001,mg/L,
MW10 ,TPH,38951,0.004,mg/L,
MW5,Ethylbenzene,38951,ND<0.001,mg/L,
MW5,Toluene,38951,ND<0.001,mg/L,
MW5,TPH,38951,0.004,mg/L,
MW5 ,Ethylbenzene,38951,ND<0.001,mg/L,
MW5 ,Toluene,38951,ND<0.001,mg/L,
MW5 ,TPH,38951,0.1,mg/L,
MW5 ,Ethylbenzene,38951,ND<0.001,mg/L,
MW5 ,Toluene,38951,ND<0.001,mg/L,
MW5 ,TPH,38951,ND<0.01,mg/L,
MW6,Ethylbenzene,38951,ND<0.001,mg/L,
MW6,Toluene,38951,ND<0.001,mg/L,
MW6,TPH,38951,0.003,mg/L,
MW6 ,Ethylbenzene,38951,ND<0.001,mg/L,
MW6 ,Toluene,38951,ND<0.001,mg/L,
MW6 ,TPH,38951,ND<0.01,mg/L,
MW7,Ethylbenzene,38951,0.485,mg/L,
MW7,Toluene,38951,0.13,mg/L,
MW7,TPH,38951,3.172,mg/L,
MW9,Ethylbenzene,38951,3.08,mg/L,
MW9,Toluene,38951,12.6,mg/L,
MW9,TPH,38951,44.767,mg/L,
MW9 ,Ethylbenzene,38951,2.609,mg/L,
MW9 ,Toluene,38951,37.448,mg/L,
MW9 ,TPH,38951,77.896,mg/L,
SGS1,GW,38951,57.5708,metres,
SGS2,GW,38951,57.2672,metres,
SGS3 P1,Ethylbenzene,38951,ND<0.001,mg/L,
SGS3 P1,Toluene,38951,ND<0.001,mg/L,
SGS3 P1,TPH,38951,0.004,mg/L,
SGS3 P2,Ethylbenzene,38951,ND<0.001,mg/L,
SGS3 P2,Toluene,38951,ND<0.001,mg/L,
SGS3 P2,TPH,38951,0.527,mg/L,
SGS3 P3,Ethylbenzene,38951,ND<0.001,mg/L,
SGS3 P3,Toluene,38951,ND<0.001,mg/L,
SGS3 P3,TPH,38951,0.003,mg/L,
BH1,GW,38922,57.4392,metres,
BH3,GW,38922,57.372,metres,
GDBH101,Ethylbenzene,38922,0.808,mg/L,
GDBH101,GW,38922,57.387,metres,
GDBH101,Toluene,38922,3.54,mg/L,
GDBH101,TPH,38922,11.495,mg/L,
GDBH102,GW,38922,57.395,metres,
GDBH103 ,Ethylbenzene,38922,5.76,mg/L,
GDBH103 ,Toluene,38922,2.95,mg/L,
GDBH103 ,TPH,38922,19.423,mg/L,
GDBH104,GW,38922,57.398,metres,
GDBH104 ,Ethylbenzene,38922,ND<0.001,mg/L,
GDBH104 ,Toluene,38922,ND<0.001,mg/L,
GDBH104 ,TPH,38922,0.002,mg/L,
GDBH105,GW,38922,57.404,metres,
MW10 ,Ethylbenzene,38922,ND<0.001,mg/L,
MW10 ,Toluene,38922,ND<0.001,mg/L,
MW10 ,TPH,38922,0.425,mg/L,
MW10 ,Ethylbenzene,38922,ND<0.001,mg/L,
MW10 ,Toluene,38922,ND<0.001,mg/L,
MW10 ,TPH,38922,0.13,mg/L,
MW10 ,Ethylbenzene,38922,ND<0.001,mg/L,
MW10 ,Toluene,38922,ND<0.001,mg/L,
MW10 ,TPH,38922,0.591,mg/L,
MW5,Ethylbenzene,38922,ND<0.001,mg/L,
MW5,Toluene,38922,ND<0.001,mg/L,
MW5,TPH,38922,0.002,mg/L,
MW6,Ethylbenzene,38922,ND<0.001,mg/L,
MW6,Toluene,38922,ND<0.001,mg/L,
MW6,TPH,38922,0.001,mg/L,
MW6 ,Ethylbenzene,38922,ND<0.001,mg/L,
MW6 ,Toluene,38922,ND<0.001,mg/L,
MW6 ,TPH,38922,0.001,mg/L,
MW7,Ethylbenzene,38922,0.172,mg/L,
MW7,Toluene,38922,1.61,mg/L,
MW7,TPH,38922,8.327,mg/L,
MW9,Ethylbenzene,38922,3.26,mg/L,
MW9,Toluene,38922,12,mg/L,
MW9,TPH,38922,40.369,mg/L,
SGS1,GW,38922,57.4146,metres,
SGS2,GW,38922,57.3662,metres,
SGS3 P1,Ethylbenzene,38922,ND<0.001,mg/L,
SGS3 P1,GW,38922,57.39,metres,
SGS3 P1,Toluene,38922,ND<0.001,mg/L,
SGS3 P1,TPH,38922,0.001,mg/L,
SGS3 P2,Ethylbenzene,38922,ND<0.001,mg/L,
SGS3 P2,GW,38922,57.245,metres,
SGS3 P2,Toluene,38922,ND<0.001,mg/L,
SGS3 P2,TPH,38922,0.18,mg/L,
SGS3 P3,Ethylbenzene,38922,ND<0.001,mg/L,
SGS3 P3,GW,38922,57.42,metres,
SGS3 P3,Toluene,38922,ND<0.001,mg/L,
SGS3 P3,TPH,38922,0.396,mg/L,
BH1,GW,38845,57.579,metres,
BH3,GW,38845,57.4612,metres,
BH3,NAPL,38845,39,mm,
GDBH101,GW,38845,57.3286,metres,
GDBH101,NAPL,38845,2,mm,
GDBH105,GW,38845,57.3874,metres,
GDBH105,NAPL,38845,158,mm,
MW1,NAPL,38845,6,mm,
MW2,NAPL,38845,234,mm,
MW3,NAPL,38845,4,mm,
MW4,NAPL,38845,9,mm,
SGS2,GW,38845,57.3182,metres,
SGS2,NAPL,38845,9,mm,
SGS3 P1,Ethylbenzene,38845,0.001,mg/L,
SGS3 P1,Toluene ,38845,0.001,mg/L,
SGS3 P1,TPH,38845,0.005,mg/L,
SGS3 P2,Ethylbenzene,38845,0.001,mg/L,
SGS3 P2,Toluene ,38845,0.001,mg/L,
SGS3 P2,TPH,38845,0.005,mg/L,
SGS3 P3,Ethylbenzene,38845,0.001,mg/L,
SGS3 P3,Toluene ,38845,0.001,mg/L,
SGS3 P3,TPH,38845,0.005,mg/L,
BH1,GW,38826,57.544,metres,
BH3,GW,38826,57.4894,metres,
BH3,NAPL,38826,53,mm,
GDBH101,GW,38826,57.3518,metres,
GDBH101,NAPL,38826,1,mm,
GDBH105,GW,38826,57.4216,metres,
GDBH105,NAPL,38826,267,mm,
MW1,NAPL,38826,5,mm,
MW2,NAPL,38826,496,mm,
MW3,NAPL,38826,10,mm,
MW4,NAPL,38826,15,mm,
SGS2,GW,38826,57.298,metres,
SGS2,NAPL,38826,10,mm,
SGS3 P1,Ethylbenzene,38826,0.001,mg/L,
SGS3 P1,Toluene ,38826,0.001,mg/L,
SGS3 P1,TPH,38826,0.01,mg/L,
SGS3 P2,Ethylbenzene,38826,0.001,mg/L,
SGS3 P2,Toluene ,38826,0.001,mg/L,
SGS3 P2,TPH,38826,0.01,mg/L,
SGS3 P3,Ethylbenzene,38826,0.001,mg/L,
SGS3 P3,Toluene ,38826,0.001,mg/L,
SGS3 P3,TPH,38826,0.011,mg/L,
BH1,GW,38817,57.4394,metres,
BH1,NAPL,38817,3,mm,
BH3,GW,38817,57.4324,metres,
BH3,NAPL,38817,63,mm,
GDBH101,GW,38817,57.4,metres,
GDBH105,GW,38817,57.3974,metres,
GDBH105,NAPL,38817,363,mm,
MW1,NAPL,38817,30,mm,
MW2,NAPL,38817,310,mm,
MW3,NAPL,38817,11,mm,
MW4,NAPL,38817,27,mm,
SGS2,GW,38817,57.3308,metres,
SGS2,NAPL,38817,6,mm,
SGS3 P1,Ethylbenzene,38788,0.001,mg/L,
SGS3 P1,Toluene ,38788,0.001,mg/L,
SGS3 P1,TPH,38788,0.061,mg/L,
SGS3 P2,Ethylbenzene,38788,0.001,mg/L,
SGS3 P2,Toluene ,38788,0.001,mg/L,
SGS3 P2,TPH,38788,0.02,mg/L,
SGS3 P3,Ethylbenzene,38788,0.001,mg/L,
SGS3 P3,Toluene ,38788,0.001,mg/L,
SGS3 P3,TPH,38788,0.018,mg/L,
GDBH101,Ethylbenzene,38723,0.982,mg/L,
GDBH101,Toluene ,38723,15.275,mg/L,
GDBH101,TPH,38723,35.141,mg/L,
GDBH103 ,Toluene ,38723,4.757,mg/L,
GDBH103 ,TPH,38723,23.537,mg/L,
GDBH104 ,Ethylbenzene,38723,0.001,mg/L,
GDBH104 ,Toluene ,38723,0.001,mg/L,
GDBH104 ,TPH,38723,0.236,mg/L,
MW10 ,Ethylbenzene,38723,0.021,mg/L,
MW10 ,Toluene ,38723,0.106,mg/L,
MW5,Ethylbenzene,38723,0.002,mg/L,
MW5,Toluene ,38723,0.03,mg/L,
MW5,TPH,38723,0.132,mg/L,
MW6,Ethylbenzene,38723,0.011,mg/L,
MW6,Toluene ,38723,0.144,mg/L,
MW6,TPH,38723,0.118,mg/L,
MW7,Ethylbenzene,38723,0.095,mg/L,
MW7,Toluene ,38723,1.345,mg/L,
MW7,TPH,38723,2.258,mg/L,
MW8,Ethylbenzene,38723,2.372,mg/L,
MW8,Toluene ,38723,9.545,mg/L,
MW8,TPH,38723,22.661,mg/L,
MW9,Ethylbenzene,38723,4.106,mg/L,
MW9,Toluene ,38723,40.606,mg/L,
MW9,TPH,38723,71.003,mg/L,
SGS1,Ethylbenzene,38723,2.512,mg/L,
SGS1,Toluene ,38723,13.821,mg/L,
GDBH101,Ethylbenzene,38677,1.255,mg/L,
GDBH101,Toluene ,38677,15.998,mg/L,
GDBH101,TPH,38677,30.553,mg/L,
GDBH103 ,Toluene ,38677,4.708,mg/L,
GDBH103 ,TPH,38677,34.867,mg/L,
GDBH104 ,Ethylbenzene,38677,0.01,mg/L,
GDBH104 ,Toluene ,38677,0.03,mg/L,
GDBH104 ,TPH,38677,0.01,mg/L,
MW10 ,Ethylbenzene,38677,0.014,mg/L,
MW10 ,Toluene ,38677,0.138,mg/L,
MW10 ,TPH,38677,0.042,mg/L,
MW5,Ethylbenzene,38677,0.001,mg/L,
MW5,Toluene ,38677,0.003,mg/L,
MW5,TPH,38677,0.01,mg/L,
MW6,Ethylbenzene,38677,0.034,mg/L,
MW6,Toluene ,38677,0.214,mg/L,
MW6,TPH,38677,0.037,mg/L,
MW7,Ethylbenzene,38677,0.024,mg/L,
MW7,Toluene ,38677,0.014,mg/L,
MW7,TPH,38677,0.01,mg/L,
MW8,Ethylbenzene,38677,1.998,mg/L,
MW8,Toluene ,38677,5.937,mg/L,
MW8,TPH,38677,21.018,mg/L,
MW9,Ethylbenzene,38677,5.911,mg/L,
MW9,Toluene ,38677,62.801,mg/L,
MW9,TPH,38677,98.539,mg/L,
SGS1,Ethylbenzene,38677,3.069,mg/L,
SGS1,Toluene ,38677,23.669,mg/L,
SGS1,TPH,38677,50.211,mg/L,
SGS2,Ethylbenzene,38677,6.226,mg/L,
SGS2,Toluene ,38677,59.964,mg/L,
SGS2,TPH,38677,107.901,mg/L,
GDBH101,Ethylbenzene,38652,0.995,mg/L,
GDBH101,Toluene ,38652,20.427,mg/L,
GDBH101,TPH,38652,54.053,mg/L,
GDBH103 ,Toluene ,38652,4.112,mg/L,
GDBH103 ,TPH,38652,28.777,mg/L,
GDBH104 ,Ethylbenzene,38652,0.001,mg/L,
GDBH104 ,Toluene ,38652,0.004,mg/L,
GDBH105,Ethylbenzene,38652,1.926,mg/L,
GDBH105,Toluene ,38652,7.803,mg/L,
MW1,Ethylbenzene,38652,1.282,mg/L,
MW1,Toluene ,38652,19.06,mg/L,
MW10 ,Ethylbenzene,38652,0.003,mg/L,
MW10 ,Toluene ,38652,0.02,mg/L,
MW10 ,TPH,38652,0.515,mg/L,
MW2,Ethylbenzene,38652,1.705,mg/L,
MW2,Toluene ,38652,39.797,mg/L,
MW3,Ethylbenzene,38652,0.124,mg/L,
MW3,Toluene ,38652,8.793,mg/L,
MW4,Ethylbenzene,38652,1.718,mg/L,
MW4,Toluene ,38652,20.694,mg/L,
MW5,Ethylbenzene,38652,0.001,mg/L,
MW5,Toluene ,38652,0.007,mg/L,
MW5,TPH,38652,0.055,mg/L,
MW6,Ethylbenzene,38652,0.001,mg/L,
MW6,Toluene ,38652,0.004,mg/L,
MW6,TPH,38652,0.01,mg/L,
MW7,Ethylbenzene,38652,0.001,mg/L,
MW7,Toluene ,38652,0.011,mg/L,
MW7,TPH,38652,0.01,mg/L,
MW8,Ethylbenzene,38652,1.544,mg/L,
MW8,Toluene ,38652,9.141,mg/L,
MW8,TPH,38652,31.764,mg/L,
MW9,Ethylbenzene,38652,3.236,mg/L,
MW9,Toluene ,38652,41.424,mg/L,
MW9,TPH,38652,100.977,mg/L,
BH1,GW,38615,57.579,metres,
BH3,GW,38615,57.502,metres,
GDBH101,Ethylbenzene,38615,0.84,mg/L,
GDBH101,GW,38615,57.5,metres,
GDBH101,Toluene ,38615,7.8,mg/L,
GDBH101,TPH,38615,0.46,mg/L,
GDBH102,GW,38615,57.515,metres,
GDBH103 ,Toluene ,38615,1.1,mg/L,
GDBH104,GW,38615,57.518,metres,
GDBH104 ,Ethylbenzene,38615,0.001,mg/L,
GDBH104 ,Toluene ,38615,0.001,mg/L,
GDBH104 ,TPH,38615,0.09,mg/L,
GDBH105,Ethylbenzene,38615,1.2,mg/L,
GDBH105,GW,38615,57.5026,metres,
GDBH105,Toluene ,38615,10,mg/L,
GDBH105,TPH,38615,3.4,mg/L,
MW1,Ethylbenzene,38615,1.3,mg/L,
MW1,Toluene ,38615,9.9,mg/L,
MW1,TPH,38615,5.6,mg/L,
MW10 ,Ethylbenzene,38615,0.001,mg/L,
MW10 ,Toluene ,38615,0.001,mg/L,
MW10 ,TPH,38615,0.04,mg/L,
MW2,Ethylbenzene,38615,1.9,mg/L,
MW2,Toluene ,38615,2.1,mg/L,
MW2,TPH,38615,62.29,mg/L,
MW3,Ethylbenzene,38615,0.91,mg/L,
MW3,Toluene ,38615,3.4,mg/L,
MW3,TPH,38615,43.1,mg/L,
MW4,Ethylbenzene,38615,0.88,mg/L,
MW4,Toluene ,38615,6.4,mg/L,
MW4,TPH,38615,66.24,mg/L,
MW5,Ethylbenzene,38615,0.001,mg/L,
MW5,Toluene ,38615,0.001,mg/L,
MW5,TPH,38615,0.09,mg/L,
MW6,Ethylbenzene,38615,0.001,mg/L,
MW6,Toluene ,38615,0.001,mg/L,
MW6,TPH,38615,0.06,mg/L,
MW7,Ethylbenzene,38615,0.001,mg/L,
MW7,Toluene ,38615,0.001,mg/L,
MW7,TPH,38615,0.18,mg/L,
MW8,Ethylbenzene,38615,0.73,mg/L,
MW8,Toluene ,38615,3.3,mg/L,
MW8,TPH,38615,0.95,mg/L,
MW9,Ethylbenzene,38615,6.2,mg/L,
MW9,Toluene ,38615,2.5,mg/L,
MW9,TPH,38615,2.8,mg/L,
